"","File","OBJECTID","NAME","SHORTNAME","degx","degy","region","T_eventSD_endcen","T_eventSD_historic","T_eventSD_midcen","pH_eventSD_endcen","pH_eventSD_historic","pH_eventSD_midcen","DO_eventSD_endcen","DO_eventSD_historic","DO_eventSD_midcen","T_seasonalSD_endcen","T_seasonalSD_historic","T_seasonalSD_midcen","pH_seasonalSD_endcen","pH_seasonalSD_historic","pH_seasonalSD_midcen","DO_seasonalSD_endcen","DO_seasonalSD_historic","DO_seasonalSD_midcen","Temp_mean_endcen","Temp_mean_historic","Temp_mean_midcen","Temp_low10_endcen","Temp_low10_historic","Temp_low10_midcen","Temp_high10_endcen","Temp_high10_historic","Temp_high10_midcen","DO_mean_endcen","DO_mean_historic","DO_mean_midcen","DO_low10_endcen","DO_low10_historic","DO_low10_midcen","DO_high10_endcen","DO_high10_historic","DO_high10_midcen","pH_mean_endcen","pH_mean_historic","pH_mean_midcen","pH_low10_endcen","pH_low10_historic","pH_low10_midcen","pH_high10_endcen","pH_high10_historic","pH_high10_midcen"
"1","tphdo_mpa_1",1,"Ano Nuevo SMR","A√±o Nuevo",-122.31915,37.10009,"centralca",1.18775081983805,1.01055626826091,1.04222798903626,0.0717657130670111,0.0651322714596396,0.067905503131008,0.879190338849046,0.877767055709519,0.885289221981509,0.942937894399681,1.04198551975006,1.06668395026459,0.0633528305993362,0.0599196079812876,0.0723387284101149,0.707050922479776,0.720814839560601,0.823173063925202,16.045479876161,13.6631749226006,14.3104510108865,14.065,11.89,12.43,18.11,15.42,16.366,6.23357428173375,6.39837800848297,6.19525631614308,4.69422396,5.0718098,4.646865736,7.45092058,7.69411146,7.499878744,7.56579256965944,7.83787306501548,7.71505443234837,7.438,7.7325,7.593,7.671,7.936,7.8198
"2","tphdo_mpa_10",10,"Begg Rock SMR","Begg Rock",-119.69552,33.36239,"channel",0.892109266367933,0.756964420137848,0.880675283971172,0.0407295367329828,0.0250490553081218,0.0345632254659847,0.340409329740026,0.30902758915807,0.355924557732614,1.18747431349564,1.42414520676662,1.22829410199958,0.0151254137817264,0.0183519395859629,0.0214593374282529,0.162078162200694,0.211242464232635,0.227177620554871,18.8194556765163,16.5040124416796,17.2502021772939,17.072,14.822,15.558,20.53,18.126,19.01,7.29692573293935,7.64569772348367,7.47563629387247,6.813184496,7.09733384,6.922620392,7.720670464,8.053457984,7.919703,7.69508242612753,7.97201555209953,7.85587091757387,7.64,7.932,7.803,7.751,8.007,7.903
"3","tphdo_mpa_100",100,"Skunk Point SMR","Skunk Point",-119.9728,33.96914,"channel",0.956626258604632,0.727533227022646,0.836575467600902,0.0372775648305266,0.0218600651941064,0.0319255410796854,0.287038986368714,0.266331316804469,0.290994630140398,1.13303872736469,1.43950399107696,1.25132315539475,0.00932073909120868,0.0118237537545513,0.0116174063541698,0.0777521704744183,0.0616710826215413,0.0857810894244264,18.5695800933126,16.188738317757,16.957231726283,16.74,14.442,15.18,20.148,17.66,18.436,7.41669977934681,7.786783374081,7.60758779962675,7.021816672,7.447080724,7.179890744,7.748829408,8.08929664,7.960021488,7.6932068429238,7.9716214953271,7.85522706065319,7.6502,7.939,7.813,7.737,8.002,7.897
"4","tphdo_mpa_101",101,"Soquel Canyon SMCA","Soquel Canyon",-121.99349,36.82551,"centralca",0.938288831711307,0.782207992213114,0.902012285001203,0.0505686620449984,0.0390365470263425,0.0443687554334764,0.506521927933767,0.463324577851686,0.506894458081442,0.938033931126696,1.11886315240362,1.04108682455255,0.0422415041388214,0.0394787355763161,0.0476496443950296,0.401422201022312,0.399649261896493,0.466845243183231,16.7773052959502,14.4475507020281,15.2051638065523,14.94,12.81,13.37,18.34,15.86,17.02,6.92844297738318,7.23552272948518,7.04121363569423,6.169688628,6.52135544,6.21096708,7.631073824,7.9037036,7.75010936,7.62267601246106,7.89890171606864,7.77870358814353,7.552,7.834,7.707,7.6919,7.954,7.842
"5","tphdo_mpa_102",102,"South Cape Mendocino SMR","South Cape Mendocino",-124.46433,40.42511,"norca",1.02190512217704,0.902685762340327,1.01779165172656,0.0669962750965729,0.0640839172048194,0.0645310320485661,0.864126060225928,0.816766679174637,0.854633819138346,0.932731903700377,0.916183167585404,1.05271489781687,0.121006907965729,0.126957142121595,0.128454698988573,1.36931923156844,1.47438435707914,1.42532568632165,13.6644583987441,11.2141894409938,12.004778125,11.986,9.6459,10.279,15.274,12.807,13.64,4.66630864893564,5.12304216442857,5.05271501608125,3.531387568,3.984810564,3.7758584,6.0317738,6.572233532,6.636871108,7.42706593406593,7.71554347826087,7.603625,7.343,7.6353,7.506,7.531,7.835,7.722
"6","tphdo_mpa_103",103,"South La Jolla SMCA","South La Jolla",-117.32807,32.81335,"socal",0.941793569132277,0.816532410987818,0.974825976095815,0.0308399289218888,0.0169301376247763,0.0240778952019946,0.225300835215619,0.185612303204939,0.189793357650086,1.08331182080431,1.55217314793339,1.32063908170876,0.0106391512640173,0.0106304965383877,0.0120797770580112,0.106016606390632,0.138441402404524,0.099828182616768,20.0416744186047,17.8254773082942,18.5779379844961,18.49,16.108,16.86,21.678,19.434,20.292,8.01651301289922,8.28582635906103,8.18575441804651,7.79490768,8.04129844,7.959381512,8.264010088,8.544959552,8.401604928,7.73043100775194,7.99807511737089,7.8889023255814,7.6944,7.975,7.8564,7.768,8.0182,7.919
"7","tphdo_mpa_104",104,"South La Jolla SMR","South La Jolla",-117.2929,32.81142,"socal",1.03347391514095,0.882718842564837,1.05462494125444,0.0335110116313536,0.0194685007726525,0.027206445919726,0.27415667486252,0.239975359142138,0.266066057037698,0.974151542809781,1.44562318018018,1.22572738407364,0.00908037773314011,0.00978007508246172,0.0099499261600337,0.161238994589338,0.231586422086488,0.164974934255403,19.7343701399689,17.5349845679012,18.18078125,18.22,15.914,16.4,21.258,19.07,19.95,8.08891842712286,8.31804361722222,8.2066872376875,7.81730684,7.991380312,7.9037036,8.39328524,8.6236766,8.483201868,7.73075427682737,7.99621913580247,7.885371875,7.6932,7.9747,7.853,7.772,8.018,7.919
"8","tphdo_mpa_105",105,"South Point FMR","South Point",-120.14648,33.84538,"channel",0.963903503594298,0.746415957719929,0.919900093213824,0.0399044341512384,0.0258478323748205,0.0360086550904345,0.309606638341619,0.293106528164464,0.294320949443816,1.03323977794686,1.30240594817176,1.14268716807946,0.0159383685102191,0.0190108204840193,0.0206695238528427,0.127236463708163,0.142863608269821,0.168029849319228,18.1672153846154,15.7438569206843,16.558746130031,16.31,13.942,14.81,19.772,17.27,18.21,7.34234126726154,7.69704012155521,7.50477366879257,6.879742,7.238768536,7.05253552,7.73091008,8.07009736,7.91650312,7.68471076923077,7.96181181959565,7.84398452012384,7.6309,7.919,7.79,7.738,8,7.893
"9","tphdo_mpa_106",106,"South Point SMR","South Point",-120.13848,33.87678,"channel",1.04643712443511,0.810420957143417,0.888889231743661,0.0448664928497507,0.0330564424227159,0.0391406552511913,0.405968452033647,0.402109391396744,0.374516627592124,0.980960244986574,1.23285078758381,1.09248355256179,0.0197455218887399,0.0253463239661575,0.0250317388528703,0.179310546009473,0.237749237254291,0.233342122862205,17.7215217391304,15.3297503900156,16.0646058732612,15.793,13.51,14.32,19.407,16.88,17.85,7.19890021745342,7.48806364886115,7.29614184037094,6.622471648,6.84454332,6.660870208,7.7117108,8.0156994,7.837786072,7.66771739130435,7.94490639625585,7.82396908809892,7.605,7.891,7.76,7.7287,7.99,7.8804
"10","tphdo_mpa_107",107,"Southeast Farallon Island SMCA","Southeast Farallon Island",-123.03854,37.67669,"norca",1.10101521581338,0.864309527115739,0.945951849409429,0.0563322115969423,0.0491994326660115,0.0519921446610793,0.564871548012583,0.507075231921778,0.536816638402036,1.03129812064277,1.08449814364253,1.09335616492937,0.0421169306290611,0.0481055588145032,0.0526285958597959,0.39672104088167,0.476380817513986,0.489916655783434,16.2988372093023,13.7025352112676,14.4061682242991,14.258,11.976,12.49,18.256,15.492,16.419,6.90335165724031,7.1759537398435,6.99283931632399,6.119450512,6.47015736,6.167128724,7.634273704,7.860185232,7.749789372,7.61763100775194,7.88348356807512,7.76371028037383,7.5394,7.8088,7.6791,7.691,7.95,7.841
"11","tphdo_mpa_108",108,"Southeast Farallon Island SMR","Southeast Farallon Island",-123.01273,37.69232,"norca",1.09076948887689,0.911410743384138,0.99800727962769,0.0557481038415471,0.0491864226978703,0.0528952161732685,0.575780043111699,0.529415826401099,0.57688557632769,0.997805897566684,1.05938709770272,1.07009652368304,0.0458498200085643,0.0511314687602022,0.0570547622056792,0.453718225155092,0.543714226515879,0.563824114326064,16.0597648902821,13.5423653250774,14.2255070202808,13.91,11.76,12.29,17.93,15.255,16.25,6.71537951178683,6.95436458854489,6.79236181354134,5.867619956,6.18536804,5.86857992,7.495078924,7.68931164,7.65091308,7.59940282131661,7.86931269349845,7.74839469578783,7.5227,7.793,7.66,7.6763,7.939,7.833
"12","tphdo_mpa_109",109,"Southeast Farallon Island Special Closure","Southeast Farallon Island",-123.003495,37.698785,"norca",1.09930952382197,0.871876669296366,0.930515966155341,0.0587500712874456,0.0486512043997649,0.05035422340146,0.597048503687765,0.548441536860146,0.564321565684382,0.997805897566684,1.05938709770272,1.07009652368304,0.0458498200085643,0.0511314687602022,0.0570547622056792,0.453718225155092,0.543714226515879,0.563824114326064,15.989015625,13.5108307453416,14.2648291925466,13.9,11.8,12.393,17.921,15.187,16.167,6.68224940625,6.95457646068323,6.79619233819876,5.82058172,6.167128724,5.829861372,7.485159296,7.712030788,7.58691548,7.5976203125,7.86789596273292,7.75084472049689,7.517,7.79,7.6622,7.683,7.937,7.8277
"13","tphdo_mpa_11",11,"Big Creek SMCA","Big Creek",-121.67245,36.10374,"centralca",1.19809273944377,0.965681976252736,1.05990464438954,0.0684908784641263,0.0545863118971507,0.0620993290720986,0.777613122184321,0.74555130576064,0.766134961546488,0.87098748044644,1.07590460201618,1.00854970063577,0.0514642133177599,0.0489015191204233,0.0573949052403059,0.568965358244982,0.578552182010176,0.650867659323507,16.402421875,14.0773271889401,14.7967912772586,14.429,12.3,12.892,18.54,15.85,16.79,6.523845346625,6.70414674175115,6.56772379457944,5.154366704,5.43339624,5.20940464,7.69731134,7.84930564,7.804827308,7.5926640625,7.87299846390169,7.74982866043614,7.487,7.777,7.642,7.6912,7.955,7.844
"14","tphdo_mpa_110",110,"Southwest Seal Rock Special Closure","Southwest Seal Rock",-124.35195,41.81366,"norca",1.02365581351275,0.862623348363628,0.913395157512218,0.0745647509675383,0.0748178423862516,0.0716339198765828,0.950860119703361,0.859386766043,0.841200273143649,0.913998807777312,0.897064424194645,0.997323803016029,0.124975239750417,0.13091541953414,0.133397536270885,1.38276400347916,1.47705957755825,1.46036199911118,13.4650860719875,10.937246130031,11.7393823529412,11.67,9.4775,10.26,15.07,12.43,13.225,5.10158671149296,5.57233839789474,5.32955220860062,3.628023944,4.14864442,4.01424946,6.78054572,7.43812106,7.03013636,7.46827856025039,7.75052631578947,7.62793188854489,7.362,7.64,7.52,7.602,7.92,7.7735
"15","tphdo_mpa_111",111,"Steamboat Rock Special Closure","Steamboat Rock",-124.40406,40.41533,"norca",1.26517879673494,0.998976547713191,1.06000661556118,0.0887410668619606,0.0796427440511328,0.0835292773571162,1.2464315233361,1.20354881157681,1.20905099264065,0.969383451204215,0.963691005609148,1.10768278834498,0.115505147454095,0.123836575245588,0.125759735464835,1.34857529657689,1.47787843830442,1.43542153896152,13.5570846394984,11.0391410852713,11.8029190031153,11.567,9.3206,10.051,15.366,12.74,13.698,4.43937157374922,4.76888435392868,4.76774294748287,3.0634691156,3.3758734,3.284036844,6.460237732,6.657670328,6.767426212,7.41695454545455,7.69747596899225,7.58457009345794,7.325,7.612,7.486,7.5496,7.818,7.7318
"16","tphdo_mpa_112",112,"Stewarts Point SMCA","Stewarts Point",-123.39402,38.63467,"norca",1.13044184330752,0.969949648288188,1.01798184188077,0.082407950744495,0.0702856725404148,0.073720920085054,1.05989650054503,1.01309410371406,1.03005372994327,1.03233215750565,1.08300842731289,1.16925662080612,0.0950107405145086,0.0949185090033216,0.104614120690142,1.16006552810699,1.22043575316256,1.26294938948119,14.5486677115987,12.1333653250774,12.8762293291732,12.321,10.1,10.78,16.466,14.115,15,4.87628960877116,5.07907887724458,5.03121575291108,3.3438746,3.62706398,3.45267052,6.573513484,6.75654662,6.70054872,7.45406426332288,7.72810835913313,7.61229173166927,7.3467,7.625,7.5,7.5896,7.8545,7.742
"17","tphdo_mpa_113",113,"Stewarts Point SMR","Stewarts Point",-123.43201,38.63444,"norca",1.10317428010526,0.928769641884682,1.04526398840294,0.0711245854019657,0.0638349768854159,0.065397096475127,0.869684572760842,0.84012093033152,0.859167562975936,1.00360302779367,1.0549013352351,1.13950371722526,0.0917198968978672,0.0922910447154797,0.101343764237793,1.08854639249565,1.13950556530707,1.17969338990355,14.4758268330733,12.1387581395349,12.8676327160494,12.32,10.274,10.774,16.33,13.892,15.03,4.99705091869579,5.31652372365891,5.19606291811111,3.57746584,4.033128752,3.802737392,6.37736084,6.644230832,6.612872008,7.4629391575663,7.74125736434109,7.6202299382716,7.362,7.641,7.513,7.579,7.8526,7.733
"18","tphdo_mpa_114",114,"Sugarloaf Island Special Closure","Sugarloaf Island",-124.41384,40.43871,"norca",1.11807631736071,0.904088221216775,0.996142681073638,0.0779003208164527,0.06704954452938,0.0730492001439671,1.05526554285923,0.93531741353331,1.00672098157668,0.957870533316046,0.94554962793032,1.09130334966263,0.121086567686881,0.12821005409489,0.130416281140993,1.40271934241759,1.5276739282779,1.48324623138168,13.5307523510972,11.0448049155146,11.823979655712,11.74,9.523,10.1,15.32,12.64,13.54,4.43340113934169,4.81054967442704,4.78783422100156,3.102603648,3.59026536,3.422591648,6.211287068,6.3837606,6.50855592,7.41636520376176,7.69886021505376,7.58791705790297,7.326,7.618,7.4928,7.542,7.807,7.718
"19","tphdo_mpa_115",115,"Swami's SMCA","Swami's",-117.3199,33.02394,"socal",1.01037322012768,0.883037295890593,1.05761644087781,0.0323610656461285,0.0180460149412842,0.0243467162460794,0.236566896853431,0.210941299769574,0.21552531076815,1.05309037354336,1.52264081273292,1.29462233732311,0.00910587387346166,0.00943958195229003,0.00920919875253643,0.150339427663204,0.21578472068417,0.156123411916077,19.9921684867395,17.7298617511521,18.4313707165109,18.45,16.06,16.651,21.57,19.22,20.09,8.05997355868955,8.28743851815668,8.19169778423676,7.83010636,7.96130144,7.897943816,8.3356874,8.58527804,8.440963452,7.72986115444618,7.99431950844854,7.88550778816199,7.692,7.974,7.8531,7.77,8.015,7.918
"20","tphdo_mpa_116",116,"Ten Mile Beach SMCA","Ten Mile Beach",-123.80446,39.54846,"norca",1.12893604729891,1.01839797084621,1.12045007596915,0.0844203110294883,0.0774702339802485,0.0795261275306662,1.13094346104336,1.14993971644408,1.08771665748541,0.9702448810159,0.994111972753174,1.08548761817274,0.0921282238234088,0.097772387415046,0.100141133494705,1.07261027325936,1.14201371049185,1.12678555216677,14.3433903576983,11.80476875,12.6104867807154,12.072,9.7495,10.676,16.288,13.681,14.72,4.99297928813686,5.33063359374375,5.27968206670606,3.38227316,3.74865942,3.792497776,6.67494968,7.02053672,6.977658328,7.45943545878694,7.7361671875,7.62521150855365,7.3484,7.631,7.511,7.5908,7.863,7.751
"21","tphdo_mpa_117",117,"Ten Mile SMR","Ten Mile",-123.8132,39.57645,"norca",1.10561172339463,0.998838287009712,1.00554504686801,0.0756895200720931,0.0724459231819389,0.0698804306763642,0.987879487983377,1.0074893107036,0.940267714743534,0.948126518597732,0.970167150441824,1.06193512491384,0.0933538388351207,0.0992291469077533,0.101597724356129,1.08474051941989,1.16254972301299,1.14228743156972,14.2426370716511,11.8003161189358,12.4945133437991,12.131,9.886,10.64,16.029,13.562,14.47,5.0214346174891,5.33931425959937,5.30648055995604,3.588345432,3.9678512,3.948011944,6.45095808,6.826623992,6.736387376,7.46190654205607,7.7362269170579,7.62516326530612,7.36,7.642,7.523,7.5756,7.854,7.737
"22","tphdo_mpa_118",118,"Van Damme SMCA","Van Damme",-123.7926,39.27213,"norca",1.10531738032173,1.02436557994058,1.05380624731379,0.0742432469737112,0.0750626395672084,0.0756699086924161,1.00529639473766,1.08000136822113,1.04522654709981,0.974024988141788,1.01428094145221,1.11485812356921,0.0948852832793089,0.0988088911343861,0.103167752865714,1.12609418575808,1.18679385614275,1.19721248511002,14.1118302180685,11.7166609375,12.4353208722741,12.061,9.8,10.402,16.018,13.524,14.548,4.79542141105919,5.108770413925,5.04132321743302,3.35027436,3.698741292,3.52306788,6.334802436,6.832063788,6.63335124,7.44769314641745,7.72528125,7.61113707165109,7.343,7.627,7.5041,7.565,7.8561,7.7319
"23","tphdo_mpa_119",119,"Vandenberg SMR","Vandenberg",-120.64231,34.66338,"socal",1.25263051518103,1.08050044525847,1.18574907227674,0.0632984944502478,0.0459598127654174,0.0556730711089302,0.677042294285083,0.611880404869954,0.665129777018194,0.795744901909662,1.15018094300382,0.964391540290311,0.0246864809930556,0.0294334701650703,0.0308686572920951,0.263434609175322,0.338544796754966,0.331146175668909,17.2102959501558,15.0696400625978,15.6836520376176,15.282,13.176,13.84,19.07,16.872,17.573,7.00142217202492,7.30430948970266,7.12464316068966,5.945697028,6.274324704,6.100251232,7.836186132,8.154574192,8.007059724,7.63814330218069,7.91721283255086,7.7988605015674,7.551,7.8438,7.712,7.716,7.978,7.871
"24","tphdo_mpa_12",12,"Big Creek SMR","Big Creek",-121.63611,36.07068,"centralca",1.22501379093804,0.956604371153761,1.07665999108901,0.0710883530359199,0.0556358528978576,0.0627234062231565,0.837378915615833,0.750110875819641,0.788697526822556,0.87500991869156,1.08298207487163,1.01244523641654,0.0504995262265448,0.0481327840586407,0.0563379544219527,0.557511731744391,0.566257395673985,0.637279594353434,16.4249766718507,14.0510869565217,14.7849921752739,14.552,12.176,12.748,18.208,15.86,16.812,6.58086922681182,6.69442224167702,6.56547772901408,5.204284832,5.429876372,5.122367904,7.755869144,7.828186432,7.84610576,7.59814307931571,7.87170031055901,7.75197496087637,7.482,7.77,7.6348,7.6948,7.953,7.8532
"25","tphdo_mpa_120",120,"Vizcaino Rock Special Closure","Vizcaino Rock",-123.83278,39.72705,"norca",1.17673196441741,0.981825638426302,1.05719573191669,0.0875072442714061,0.0813592437597626,0.0793807120573172,1.1527034394921,1.23454936912598,1.12943924763546,0.967573632780332,0.979410489640726,1.0789861522214,0.0956393814741822,0.101995072399905,0.104238231297153,1.1235888521265,1.20650461663378,1.18407311611968,14.3219037267081,11.7768748043818,12.516834375,12.163,9.8764,10.596,16.321,13.522,14.481,4.88595043458385,5.19010320420657,5.1165611217625,3.27347724,3.674742192,3.640823464,6.589832872,7.000697464,6.759426512,7.45243944099379,7.72512989045383,7.6130671875,7.344,7.629,7.503,7.583,7.841,7.7351
"26","tphdo_mpa_121",121,"White Rock SMCA","White Rock",-121.08591,35.52566,"centralca",1.20843745764092,0.942192912424076,1.02712078153544,0.0610301900893857,0.0482147878920049,0.0564174585323401,0.681960782772489,0.681652386088854,0.733021620526649,0.851867581105246,1.14282283327937,1.00973320849424,0.0382063316701541,0.0386373640318237,0.0438980837744125,0.449375719754924,0.472230231135177,0.52099768580259,16.8372230889236,14.564898911353,15.2618111455108,14.96,12.58,13.255,18.75,16.29,17.09,6.80845106976599,6.99862027906687,6.82838541201238,5.62858892,5.750824336,5.40619726,7.79490768,7.953621728,7.88290438,7.62053354134165,7.89662363919129,7.77694736842105,7.528,7.8062,7.67,7.701,7.966,7.8575
"27","tphdo_mpa_13",13,"Big Flat SMCA","Big Flat",-124.24548,40.14136,"norca",1.08314472912652,0.930479706387822,0.996549140591374,0.0760973788429763,0.0676368136288602,0.0675018963202198,0.977073809827112,0.926809179816028,0.929356921319483,0.962626538511351,0.978484339571986,1.09339256450011,0.105148868862856,0.111959972316689,0.113738911921585,1.21163405746338,1.31334261818316,1.27547254848779,13.7877737909516,11.3192182662539,12.0902941176471,11.9,9.681,10.32,15.64,12.97,14.145,4.70746876751326,5.05489154900929,4.98799820621053,3.43027136,3.7918578,3.6238641,6.2237666,6.52295538,6.43335874,7.43358034321373,7.71620897832817,7.60096594427245,7.344,7.63,7.5055,7.547,7.828,7.7125
"28","tphdo_mpa_14",14,"Blue Cavern Offshore SMCA","Blue Cavern Offshore",-118.47003,33.48372,"channel",0.814221505178417,0.609096983116804,0.729021238662594,0.0294759640226603,0.0150013017012658,0.02305250422646,0.180065850578451,0.130780725280483,0.141601009326907,1.53230881210038,1.87836491297503,1.6884968244287,0.00887326049392807,0.0120606951962754,0.0130653039071944,0.0500323995465167,0.0635533800015177,0.0542564124731305,20.78384375,18.4933850931677,19.3168527131783,19.059,16.573,17.484,22.247,20.05,20.91,7.7868329828125,8.1433219431677,7.98793734034109,7.59011536,7.97730084,7.83010636,7.97090108,8.29088908,8.159694,7.7301703125,7.99918633540373,7.88808682170543,7.692,7.977,7.8564,7.7661,8.0197,7.919
"29","tphdo_mpa_15",15,"Blue Cavern Onshore SMCA (No-Take)","Blue Cavern Onshore",-118.46626,33.44907,"channel",0.799478229778129,0.624469178852172,0.768208149691054,0.0280478503424976,0.0155546072662416,0.0232990475335834,0.167356361182806,0.142847133022404,0.153031001932135,1.55625265200187,1.89188115780032,1.70397289608197,0.00963576783719517,0.0129434207524383,0.0138553719389364,0.0541674730858668,0.0713480881693685,0.0628970979349433,20.9218847352025,18.5753405572755,19.338328125,19.23,16.665,17.5,22.747,20.125,20.95,7.77559376255452,8.13359466916409,7.98048072075,7.56131644,7.9597015,7.791387812,7.973460984,8.28928914,8.16289388,7.73021651090343,8.00044736842105,7.88818125,7.693,7.978,7.854,7.766,8.0215,7.919
"30","tphdo_mpa_16",16,"Bodega Head SMCA","Bodega Head",-123.0863,38.27363,"norca",1.11434595878806,0.941650509721818,1.00848667479346,0.0712463764575469,0.0609018814264219,0.0619311456860735,0.868990205239659,0.816496015273178,0.841227137723488,1.0265981857379,1.09508160400749,1.13948867929573,0.0848199109731817,0.084496855510957,0.094758930785016,1.00533735578873,1.0609050861248,1.10886293471481,15.1566614664587,12.7605579598145,13.3891604361371,13.14,10.792,11.34,17.09,14.648,15.669,5.41648080570983,5.68683959486862,5.50111806170716,3.91665312,4.358876536,4.180003244,6.79014536,6.98213816,6.962618892,7.4941887675507,7.77048686244204,7.64818535825545,7.38,7.666,7.545,7.614,7.878,7.759
"31","tphdo_mpa_17",17,"Bodega Head SMR","Bodega Head",-123.10512,38.31737,"norca",1.08911447167124,1.0108088000482,1.02700209671402,0.0731407754972296,0.065953332054276,0.0660728092444011,0.897826010899405,0.875934825092395,0.885504492386615,1.02881007721886,1.09487049505276,1.13917224325982,0.0883373006782884,0.0880365612394467,0.0982075045727559,1.05122604537434,1.11325992338339,1.15581688239242,15.1297815912637,12.7316445131376,13.4219890965732,13.1,10.82,11.342,17,14.568,15.54,5.31836529641186,5.55726176488408,5.4184171132648,3.84625576,4.2718398,3.914733192,6.7357474,6.845823272,6.898621292,7.48698907956318,7.76011591962906,7.64045950155763,7.372,7.6576,7.523,7.613,7.8624,7.757
"32","tphdo_mpa_18",18,"Cabrillo SMR","Cabrillo",-117.24594,32.66732,"socal",1.13025417870073,0.969657186059511,1.15086088550971,0.0333622288896785,0.025296761009326,0.0287925146526139,0.305975877161743,0.328640863205674,0.30070491188514,0.889216977206269,1.36503812224536,1.15725883649169,0.0087748037869851,0.0116301094570936,0.00978830612134951,0.204505906580001,0.302187134536071,0.211590214834547,19.4290297339593,17.1769720496894,17.8699535603715,17.848,15.39,15.99,21.15,18.86,19.665,8.11810557527387,8.32199350360249,8.23260767430341,7.80450732,7.83330624,7.77250852,8.42528404,8.6876742,8.54047972,7.72826917057903,7.99477173913044,7.88594582043344,7.693,7.9683,7.85,7.77,8.022,7.921
"33","tphdo_mpa_19",19,"Cambria SMCA","Cambria",-121.13651,35.58653,"centralca",1.12570722545166,0.972634976740497,1.07013642800435,0.0607990838421527,0.0503569762705069,0.0555779556911363,0.68183590630003,0.711606958066678,0.728945025746869,0.867858055280159,1.14579713738492,1.02371358483244,0.0394784484939063,0.039269332932597,0.0453390373392217,0.45560018261278,0.473678322804058,0.533581624876293,16.88721875,14.7010108864697,15.3650544323484,15.149,12.764,13.418,18.7,16.478,17.276,6.7940802124375,7.06097066245723,6.85673073231726,5.586350504,5.82058172,5.504433576,7.71491068,8.00609976,7.885784272,7.6196875,7.89888646967341,7.77781026438569,7.521,7.8092,7.6772,7.701,7.968,7.855
"34","tphdo_mpa_2",2,"Abalone Cove SMCA","Abalone Cove",-118.38554,33.71256,"socal",0.96558240140966,0.772972536714123,0.853804299595068,0.0322601069727446,0.017358393632004,0.0230726475198805,0.206879487101131,0.170419668988518,0.159785670101439,1.13585482673974,1.63906046609736,1.39310982714478,0.00812803327354718,0.00842432217727418,0.0102645291951658,0.126750739611907,0.146979978704085,0.1150408726592,19.9375430359937,17.7848432601881,18.4617289719626,18.42,16.154,16.76,21.5,19.223,19.96,7.92047918372457,8.22015568244514,8.10447862517134,7.727070224,8.021139196,7.881624428,8.1276952,8.4156844,8.30048872,7.72499530516432,7.99405329153605,7.88345015576324,7.689,7.973,7.852,7.764,8.0153,7.914
"35","tphdo_mpa_20",20,"Campus Point SMCA (No-Take)","Campus Point",-119.86925,34.38308,"socal",1.01271118628342,0.802183332256911,0.93670763279202,0.0433865529667146,0.0215718935194978,0.0265548811047442,0.397047945344542,0.268788707375733,0.276863902166348,1.03070435853093,1.50859041775787,1.25836314375335,0.0117621237327164,0.0144533852043868,0.0133780605709516,0.200273340911061,0.287485561248834,0.213794978486605,18.7421928460342,16.7109370199693,17.2767289719626,17.054,14.9,15.48,20.298,18.21,18.839,7.6096082526283,7.9522080790169,7.78778520566978,7.13893228,7.49411896,7.28612676,7.9997,8.2876892,8.15009436,7.69637947122862,7.9735668202765,7.85918847352025,7.655,7.948,7.823,7.744,8,7.894
"36","tphdo_mpa_21",21,"Carmel Pinnacles SMR","Carmel Pinnacles",-121.9675,36.55625,"centralca",1.21002776048893,0.995235817981854,1.11970354798527,0.0801849368091328,0.0646788814278358,0.076635514830843,0.975074270622349,0.945306408563959,1.0431745018216,0.871703133256987,0.996810512816595,0.997344109677438,0.0576715330394591,0.0535130566546615,0.0644392078348254,0.644075225151637,0.634664391507145,0.737508800983996,15.9763494539782,13.6067372488408,14.3266405023548,13.98,11.73,12.276,17.8,15.354,16.394,6.24524822810608,6.3770640968779,6.22916168810047,4.69102408,4.922695392,4.503511112,7.61891428,7.837786072,7.754589192,7.56660842433697,7.84410046367852,7.72237990580848,7.444,7.739,7.591,7.682,7.944,7.8354
"37","tphdo_mpa_22",22,"Carrington Point SMR","Carrington Point",-120.04855,34.04201,"channel",0.932986278366063,0.678016140611422,0.782248929053965,0.0397109102630447,0.0246852709971314,0.0338121107901887,0.326689439265912,0.308901583851446,0.333206592005028,1.06965011829702,1.29654462268999,1.13061963000823,0.0131403583984672,0.016142417579734,0.0180765803662573,0.139123876722118,0.147256918982369,0.182373375554721,18.2124137931034,15.7088024883359,16.5326479750779,16.521,14.09,14.931,19.883,17.07,18.049,7.10826258376176,7.45583983564541,7.28194996959502,6.667589956,7.025016552,6.80934464,7.507878444,7.84930564,7.704991052,7.6706473354232,7.94748522550544,7.83064485981308,7.622,7.9112,7.7831,7.7253,7.98,7.8769
"38","tphdo_mpa_23",23,"Casino Point SMCA (No-Take)","Casino Point",-118.32449,33.34913,"channel",0.752100795493655,0.671236320828559,0.785178324952913,0.026813962435372,0.0149262594153415,0.0235976638491691,0.153545815990055,0.139764067232736,0.138519317865832,1.69585281664606,2.00197791846518,1.81924027577314,0.010669254235828,0.0158569916843859,0.0152478251339427,0.0786754958246262,0.122561796053764,0.0998943334645286,21.1814241001565,18.8093962848297,19.6284639498433,19.28,16.75,17.74,22.872,20.42,21.23,7.74169152231612,8.08542805442725,7.93542153278997,7.5357174,7.8877042,7.749149396,7.94850192,8.27648962,8.110415848,7.73358372456964,8.0004613003096,7.8908275862069,7.696,7.976,7.856,7.7692,8.024,7.923
"39","tphdo_mpa_24",24,"Castle Rock Special Closure","Castle Rock",-124.24936,41.76129,"norca",1.10398047015277,0.997853449556261,1.07140362491197,0.0801684369973956,0.0849105055977947,0.0825893300481563,1.0399102573641,1.12518615795631,1.06310868092308,0.955426538661195,0.892270853947667,0.999780849047682,0.130785770131204,0.137590850063328,0.138499363475725,1.47310025448026,1.56741358303484,1.52672822437867,13.6630280373832,11.0928452012384,11.9753855799373,11.54,9.4625,10.05,15.52,12.76,13.893,4.7620135673271,5.23663383558514,5.10012723335423,3.395392668,3.65266302,3.686581748,6.317843072,7.24132844,7.006777236,7.44103271028037,7.72056037151703,7.60630721003135,7.33,7.606,7.497,7.5719,7.885,7.7623
"40","tphdo_mpa_25",25,"Cat Harbor SMCA","Cat Harbor",-118.50774,33.42855,"channel",0.864251410731384,0.724609185943652,0.910679068766604,0.0297480757069835,0.017203648180789,0.0246101623075094,0.190664140597669,0.182979110794692,0.17240302085725,1.51906263987101,1.82551980936831,1.64770067698995,0.00281876631231735,0.00314060593748629,0.00380474441125442,0.104864111436202,0.142030511679293,0.113682449303515,20.349203125,18.100572755418,18.8409360374415,18.488,16.04,16.91,22.061,19.705,20.63,7.936312377125,8.2628529796904,8.13515326664587,7.72131044,8.05249802,7.92290288,8.131215068,8.4476832,8.32608776,7.7357125,8.00389009287926,7.89310140405616,7.698,7.982,7.859,7.772,8.024,7.925
"41","tphdo_mpa_26",26,"Crystal Cove SMCA","Crystal Cove",-117.846,33.56777,"socal",1.06807962671511,0.886236818350297,1.06161080918567,0.0366968183229313,0.0184699074264386,0.0232952248313184,0.289258340054481,0.19661964726435,0.203645110912196,1.07134660045092,1.58207656852944,1.31705388006925,0.0102207475641982,0.011768826104754,0.0115848618936725,0.157873743359827,0.184384405550193,0.151391023689776,19.9280218068536,17.7895956454121,18.4424024960998,18.371,16.21,16.58,21.579,19.234,20.17,7.96087279563863,8.2010187333126,8.12518920973479,7.75330924,7.93250252,7.84610576,8.255370412,8.48608176,8.39648512,7.7203738317757,7.98730171073095,7.88034477379095,7.684,7.966,7.848,7.765,8.008,7.909
"42","tphdo_mpa_27",27,"Dana Point SMCA","Dana Point",-117.73653,33.47977,"socal",0.999916219471829,0.904676259641883,1.00814931906789,0.0326978385721744,0.0170412463697527,0.0240469012434109,0.239215793843883,0.196230037087819,0.185262042869264,1.05953490225476,1.57441159374161,1.3118397816872,0.00947101438465541,0.0105550476475306,0.0102850067428085,0.167440457796885,0.202689733063089,0.165825715613567,19.9882480620155,17.8033333333333,18.45884375,18.484,16.16,16.769,21.612,19.42,20.09,8.0332516099845,8.26369508423676,8.1864379970625,7.786587992,7.97090108,7.89090408,8.296008888,8.546559492,8.460802708,7.72542325581395,7.99067133956386,7.8827875,7.691,7.97,7.851,7.7666,8.011,7.9141
"43","tphdo_mpa_28",28,"Del Mar Landing SMR","Del Mar Landing",-123.51143,38.73929,"norca",1.17865029689434,0.993749635572257,1.08717748835594,0.0820772853914043,0.072349938967634,0.0731100759917555,1.07553522129895,1.03892158172565,1.01510173525727,1.04259962184779,1.08183273191569,1.182151890749,0.0945932913420769,0.0952325568410487,0.104229244958845,1.16028527657315,1.21957473971337,1.26009679372371,14.414946708464,12.032400309119,12.5888911353033,12.2,9.9908,10.398,16.449,13.97,14.878,4.81515835895925,5.05055260644822,4.81067023073717,3.275717156,3.633783728,3.32467532,6.652230532,6.757506584,6.562313904,7.4495329153605,7.72457959814529,7.59824105754277,7.3427,7.6246,7.492,7.5946,7.8554,7.7344
"44","tphdo_mpa_29",29,"Double Cone Rock SMCA","Double Cone Rock",-123.87382,39.77378,"norca",1.05317567600557,0.942557064962504,1.05135441515365,0.0741979012109018,0.0685636436268736,0.0724447041123099,0.909602572774627,0.953283628139828,0.952996703914681,0.950761745539095,0.967874412900178,1.06321641879961,0.0973049206846311,0.103274698153383,0.105130780128975,1.13514446803799,1.2186668420956,1.18617647133663,14.1980751173709,11.7152676056338,12.5275709828393,12.088,9.9008,10.61,16.07,13.38,14.39,4.88085458237246,5.24749973720188,5.26825447673011,3.549306896,3.962091416,3.9038536,6.315923144,6.74214716,6.85734284,7.44852269170579,7.73050704225352,7.62354290171607,7.354,7.6418,7.518,7.558,7.842,7.744
"45","tphdo_mpa_3",3,"Anacapa Island FMCA","Anacapa",-119.42725,34.07479,"channel",0.939783083612457,0.715911826184228,0.813260077143083,0.0342067588822137,0.0173426775261896,0.0241972693000701,0.242423479605618,0.192810704307762,0.204117240991045,1.17437383407362,1.58141525643599,1.34206276505344,0.0089857727635705,0.00815057546601506,0.00974366995751799,0.118170983502618,0.150717011972471,0.116059236309117,19.4842121684867,17.2772698907956,17.9679310344828,17.85,15.44,16.367,21,18.84,19.53,7.72782002427457,8.09124851687987,7.92155371429467,7.44292088,7.78850792,7.604194832,7.98050072,8.33888728,8.14689448,7.71402496099844,7.99008268330733,7.87560501567398,7.679,7.968,7.844,7.758,8.011,7.907
"46","tphdo_mpa_30",30,"Double Point/Stormy Stack Rock Special Closure","Double Point/Stormy Stack Rock",-122.78581,37.94724,"norca",1.18016245668518,1.00492973531535,1.19816720731978,0.076613144562299,0.0689280628177952,0.0785921985639858,0.910871346282179,0.901301180116106,0.984535022401301,1.12792747860451,1.19199480928501,1.22385630097709,0.0848807012560957,0.0839928990971078,0.0945334804679566,0.967889787515459,1.03876310697815,1.08309575688752,15.8470697674419,13.3960061919505,14.2110886469673,13.778,11.35,11.89,17.806,15.28,16.586,5.76734365448682,5.96268413089783,5.83086264082737,4.231521312,4.48943164,4.24944064,7.041655928,7.31652562,7.467879944,7.51814263565891,7.78642879256966,7.66983514774495,7.389,7.6685,7.539,7.634,7.893,7.793
"47","tphdo_mpa_31",31,"Duxbury Reef SMCA","Duxbury Reef",-122.72215,37.90471,"norca",1.29987184621612,1.19739974793939,1.32057028832932,0.0931814387531259,0.0879494953438249,0.0939481194243912,1.10579427425163,1.20377166503219,1.20539347398203,1.31699829670073,1.33018515391189,1.37474913481772,0.0762968553381372,0.076360040479,0.0855671433592379,0.837250116520662,0.896696339583189,0.936524523099065,16.3896417445483,13.998998447205,14.783738317757,13.991,11.663,12.261,18.579,16.067,17.309,6.16797903479128,6.45813793496894,6.26531071181931,4.205282296,4.515990644,4.251360568,7.493798972,7.958421548,7.84290588,7.54908411214953,7.81783229813665,7.70159968847352,7.393,7.673,7.5422,7.6699,7.931,7.828
"48","tphdo_mpa_32",32,"Egg (Devil's Slide) Rock to Devil's Slide Special Closure","Egg (Devil's Slide) Rock to Devil's Slide",-122.52019,37.57737,"norca",1.28621471085099,1.03002653031183,1.18808339499907,0.0833623986717594,0.0734848810290085,0.0776631121324025,1.01174119290748,0.97299183709939,1.02324851813957,1.15220600064066,1.19772507962778,1.22013196226075,0.082906096996308,0.0869063550154647,0.0951618097696561,0.937308121088113,1.08247604704131,1.11327914095694,16.5825039370079,14.1660896445131,14.9170376175549,14.354,12.15,12.641,18.6,16,17.253,5.98836478222992,6.16110928976816,6.03088806519122,4.356316632,4.784460576,4.384155588,7.45252052,7.52931764,7.587875444,7.54058582677165,7.8094544049459,7.69316144200627,7.413,7.7046,7.5677,7.659,7.907,7.807
"49","tphdo_mpa_33",33,"False Klamath Rock Special Closure","False Klamath Rock",-124.11171,41.59387,"norca",1.22608215975829,1.08547077783137,1.11299686592553,0.0945234450304794,0.0999650781851157,0.0931925532121718,1.20739751972852,1.34157561129166,1.19324080812408,0.97892024405045,0.88759511950521,0.980329893890849,0.127186034051373,0.132300783891639,0.134294280727778,1.40723536417777,1.46437929115307,1.44654807149076,14.0996889580093,11.4061822429907,12.3159627329193,11.83,9.5894,10.313,16.108,13.198,14.301,4.90649145845723,5.44885435188785,5.26826255696894,3.373313496,3.70866092,3.805297296,6.795905144,7.904983552,7.278767036,7.44824727838258,7.73256697819315,7.61521583850932,7.331,7.599,7.4993,7.6008,7.925,7.7749
"50","tphdo_mpa_34",34,"Farnsworth Offshore SMCA","Farnsworth Offshore",-118.51672,33.33322,"channel",0.850694983443301,0.668119438008233,0.84533425891276,0.0304561262320959,0.0154505245665629,0.02379915092013,0.195357111339658,0.142032440483836,0.144537590729168,1.52158761030623,1.81361487216706,1.63737146468766,0.0041361908604663,0.00699637604226875,0.00788810417647982,0.0656481399998526,0.0739340690771972,0.0633067896481163,20.4415673981191,18.1416899224806,18.8834728682171,18.53,16.11,16.956,22.266,19.796,20.646,7.83050258338558,8.18265872018605,8.04881939826357,7.619234268,7.997780072,7.866584992,8.029458884,8.340807208,8.200012488,7.73130877742947,8.00250542635659,7.89303875968992,7.694,7.982,7.86,7.769,8.022,7.923
"51","tphdo_mpa_35",35,"Farnsworth Onshore SMCA","Farnsworth Onshore",-118.4813,33.33242,"channel",0.826113460247088,0.67535640030321,0.826122997961783,0.0313786457696871,0.0161861074696315,0.0245778732851406,0.195384858165193,0.152598635528961,0.155808994264281,1.52257490883469,1.81822216665213,1.64165488220887,0.00402664163281517,0.00653888596038196,0.00750781253736686,0.0688227342393903,0.0813045570763092,0.0675670550015146,20.3775776397516,18.16915625,18.8932087227414,18.53,16.099,17.023,22.007,19.92,20.618,7.84847088869565,8.1960576363125,8.06151450429907,7.632673764,8.008979652,7.862745136,8.04129844,8.355206668,8.229771372,7.73312888198758,8.0027453125,7.89355140186916,7.695,7.981,7.8591,7.77,8.023,7.923
"52","tphdo_mpa_36",36,"Footprint FMR","Footprint",-119.47643,33.9349,"channel",0.895999114121617,0.716865662329975,0.86841450806388,0.0341165900104985,0.0174155185727191,0.0268663378339834,0.258746842978269,0.209953110881473,0.241334825016909,1.17509803609137,1.54404165105326,1.32268658183918,0.00978427344651803,0.0074134283782783,0.0103519772936921,0.117054404122875,0.129286266701653,0.108558487210573,19.4372472783826,17.207873651772,17.8570762052877,17.862,15.538,16.164,20.86,18.74,19.37,7.71390542998445,8.06832238804314,7.88792814183515,7.379563256,7.76290888,7.574755936,7.986260504,8.313928216,8.12449532,7.71710730948678,7.99137750385208,7.87780248833593,7.68,7.9688,7.844,7.76,8.0122,7.91
"53","tphdo_mpa_37",37,"Footprint SMR","Footprint",-119.46908,33.97612,"channel",0.89473329864806,0.711298724704738,0.862578252938202,0.0322520060281802,0.017662543913116,0.0268419849755162,0.232753273116527,0.206676787183574,0.236401193156348,1.17355394797499,1.5540015324606,1.32297523140946,0.00944523015736898,0.00770913830613004,0.0102384576076866,0.118049297307886,0.139726992142599,0.113051368618283,19.4822,17.1921792890263,17.9299056603774,17.868,15.396,16.22,20.921,18.67,19.48,7.72117752190769,8.06644247387944,7.9015401591195,7.43652112,7.743069624,7.57411596,7.971221068,8.324167832,8.14689448,7.71862,7.99104945904173,7.87765251572327,7.682,7.967,7.843,7.761,8.013,7.911
"54","tphdo_mpa_38",38,"Gerstle Cove SMR","Gerstle Cove",-123.33022,38.56647,"norca",1.08693474222569,0.99895953952895,1.0434429303762,0.0742240657495682,0.0643646129936855,0.068228442614055,0.939434181112543,0.885844037285248,0.92030315369136,1.02998651827245,1.09022357255421,1.16821870736324,0.0901804375706988,0.0900018253518136,0.100337662333273,1.09418105296137,1.14673571077776,1.19885528032163,14.5062208398134,12.2668333333333,13.0207169811321,12.512,10.31,10.755,16.43,14.116,15.27,4.90215047039502,5.25499848572222,5.17203849411321,3.325315296,3.928492676,3.62546404,6.469517384,6.689669128,6.76614626,7.45816174183515,7.73983487654321,7.6233679245283,7.342,7.6404,7.5095,7.588,7.851,7.7395
"55","tphdo_mpa_39",39,"Greyhound Rock SMCA","Greyhound Rock",-122.29547,37.06091,"centralca",1.08897253409255,0.91646902989779,0.997348111016898,0.0631414786904089,0.0586181980480306,0.0618963274504795,0.72299042078644,0.726102334249203,0.741306859866403,0.93636450091678,1.06495834794321,1.06209183286849,0.0555998729794235,0.0544374170186095,0.0650540245440891,0.58711197659531,0.620683608880716,0.703615705835801,16.1886936236392,13.7181493001555,14.5101569858713,14.292,11.82,12.61,17.918,15.416,16.44,6.47826903091757,6.57520101013997,6.47052406524333,5.240763464,5.300921208,5.140927208,7.47491968,7.611874544,7.599075024,7.58625816485226,7.85104976671851,7.73495918367347,7.4888,7.7452,7.623,7.6718,7.94,7.827
"56","tphdo_mpa_4",4,"Anacapa Island FMR","Anacapa",-119.38472,34.07423,"channel",0.925878411730765,0.71799293222378,0.850818587150667,0.0347208680083064,0.0179511290883235,0.0244064775019357,0.251322316399916,0.196145562308968,0.208248056154625,1.18099445264882,1.59168826945422,1.352146549867,0.00901960046132877,0.00852070352101251,0.010173749643033,0.12095557572984,0.153172716257338,0.118539200229988,19.4867912772586,17.3104680187207,18.03703125,17.781,15.62,16.386,20.9,18.86,19.581,7.72766534186916,8.10171676705148,7.9373423385,7.446440748,7.79490768,7.65091308,7.97730084,8.3356874,8.166413748,7.7137554517134,7.99023244929797,7.8769859375,7.68,7.967,7.846,7.757,8.011,7.908
"57","tphdo_mpa_40",40,"Gull Island FMR","Gull Island",-119.84493,33.8845,"channel",1.05678381077815,0.859995585025459,1.00146641243249,0.0430773982573834,0.0294598045700871,0.0363155674842729,0.378003877041485,0.337669248790825,0.345555121559124,0.9549228415754,1.31059717156969,1.11566335706632,0.0165179738071326,0.0202457963319225,0.0189086419505797,0.170290958254688,0.219081763887394,0.194025191959802,18.293691588785,15.886992248062,16.6824068322981,16.46,14.064,14.91,19.99,17.48,18.437,7.40121278679128,7.73030483137984,7.53370505310559,6.82854392,7.19013036,6.958459048,7.836186132,8.193612728,8.00929964,7.68528660436137,7.96351782945736,7.84587732919255,7.626,7.92,7.791,7.74,7.9996,7.891
"58","tphdo_mpa_41",41,"Gull Island SMR","Gull Island",-119.83978,33.93571,"channel",1.13679966163984,0.951098812346033,1.02720285991653,0.0518320575201864,0.0353484147247454,0.0410755755984976,0.498329884268105,0.451962167917208,0.429704856562187,0.928766594532423,1.28648937922055,1.0955307066947,0.0194593676412066,0.025787958478657,0.0220400851218942,0.233564677445258,0.321118770765529,0.267631807313975,17.9734119496855,15.6365586419753,16.3838704581359,16.045,13.784,14.456,19.69,17.379,18.114,7.33874365471698,7.64674039697531,7.49420489674566,6.5117558,6.857022852,6.761986416,7.89890378,8.23329124,8.065617528,7.67727672955975,7.9549475308642,7.83988467614534,7.596,7.8947,7.777,7.742,7.9973,7.891
"59","tphdo_mpa_42",42,"Harris Point FMR","Harris Point",-120.34201,34.16623,"channel",1.0210086921911,0.752748843433892,0.83305920065009,0.049987427739427,0.0338519804569014,0.0404859496181557,0.504551122057779,0.473639484470335,0.43443223328472,0.829997251260346,1.05125495678753,0.941642429637966,0.0243052833130072,0.0302044179706471,0.0322968060225904,0.256133190522857,0.353685537630614,0.36232747093928,17.2786427457098,14.9056279069767,15.6724882629108,15.64,13.33,14.178,19.13,16.292,17.322,6.81671285042122,7.08108638728682,6.92088474503912,6.06697248,6.357521584,6.219926744,7.47811956,7.748829408,7.592035288,7.64022152886115,7.91866511627907,7.79882785602504,7.57,7.864,7.737,7.71,7.9676,7.859
"60","tphdo_mpa_43",43,"Harris Point SMR","Harris Point",-120.34983,34.0934,"channel",1.0070827436398,0.780569615426167,0.858540982571198,0.0468811987277182,0.0312561693631223,0.0393477595072698,0.424337168433477,0.422662185268648,0.415855055891703,0.964622139302611,1.16488108892571,1.04953406278349,0.019922869123782,0.0254191880639364,0.0269717946100118,0.198342612734327,0.265643565761533,0.279325424054217,17.7225776397516,15.2646439628483,16.1238317757009,16.056,13.56,14.37,19.537,16.71,17.779,7.01682008919255,7.33119751560371,7.18846562492212,6.419919244,6.68614926,6.559754,7.579555756,7.89730384,7.777628328,7.65759161490683,7.93774148606811,7.82145482866044,7.592,7.887,7.762,7.722,7.983,7.877
"61","tphdo_mpa_44",44,"Judith Rock SMR","Judith Rock",-120.43269,34.00197,"channel",1.21542537974912,0.886207775720695,0.992203121406975,0.0563912573435615,0.039735601024678,0.0474778259427872,0.560038241442462,0.513328826191742,0.506206062802519,0.981720878383232,1.18966109786244,1.07663101685254,0.0242288604586216,0.0283365667058034,0.0299038506187874,0.230732535170057,0.270770026522134,0.293376185286236,17.4464451313756,15.0737151702786,15.8622464898596,15.49,13.355,13.95,19.548,16.805,17.78,7.06611646355487,7.38361412575851,7.19856186907956,6.246805736,6.59655262,6.35496168,7.732190032,8.01249952,7.87490468,7.65374343122102,7.93606965944272,7.81402808112324,7.5718,7.8695,7.74,7.7274,7.99,7.881
"62","tphdo_mpa_45",45,"Kashtayit SMCA","Kashtayit",-120.22408,34.46275,"socal",1.16128574374996,1.03436643717929,1.14053602531756,0.054675172764902,0.0360776617408224,0.0433440993590076,0.579519625869484,0.495610110885544,0.546759671797398,0.885768751647329,1.3210927384955,1.11060745704174,0.0230963311272618,0.0268736715776462,0.0256418642180154,0.328191988894979,0.431037998488967,0.359703754601652,17.8836604361371,15.8658695652174,16.2892690513219,16.102,13.93,14.314,19.568,17.71,18.148,7.39506722286604,7.70082425173913,7.45984092976672,6.435598656,6.731267568,6.509195896,8.050578092,8.34848692,8.17889328,7.67563551401869,7.95586645962733,7.83423794712286,7.6031,7.8953,7.7612,7.739,7.997,7.89
"63","tphdo_mpa_46",46,"Laguna Beach SMCA (No-Take)","Laguna Beach",-117.7848,33.50624,"socal",0.975058382885839,0.878355216177948,0.987513817677214,0.031950297923075,0.0176681395689359,0.0236023764039275,0.216970915323456,0.193770935614984,0.172389108318785,1.09694730624161,1.61028700137884,1.34430275663389,0.0103022593935765,0.0112910737147591,0.0117837145081524,0.142679929693232,0.163075331969201,0.134138258122922,20.017519379845,17.8736996904025,18.4973010920437,18.522,16.23,16.85,21.7,19.435,20.19,7.98559572272868,8.22532621362229,8.14019519925117,7.77250852,7.98850042,7.9037036,8.228811408,8.5036811,8.3836856,7.72415503875969,7.98981424148607,7.88225897035881,7.688,7.969,7.849,7.764,8.0095,7.914
"64","tphdo_mpa_47",47,"Laguna Beach SMR","Laguna Beach",-117.79636,33.52794,"socal",0.994655460374091,0.904195965228044,1.05528811373093,0.0337700118450053,0.0179095315391747,0.0234032014611509,0.257153576992825,0.205217200054284,0.201688301597875,1.06553363062792,1.57887810476046,1.31454533706162,0.010124391573342,0.0115128789788252,0.0112550411472804,0.166302449104085,0.193968851265812,0.16157789677256,19.9827889060092,17.8571118012422,18.4473405909798,18.536,16.062,16.652,21.6,19.407,20.082,8.00717953460709,8.22466050776397,8.14702386861586,7.77890828,7.930262604,7.856345376,8.298568792,8.520320476,8.434243704,7.72078582434515,7.98847204968944,7.88004354587869,7.685,7.9673,7.849,7.765,8.009,7.91
"65","tphdo_mpa_48",48,"Long Point SMR","Long Point",-118.3804,33.41821,"channel",0.77179562514493,0.628531303538635,0.790180156819361,0.0290197901929352,0.0145557312808199,0.0229853238676276,0.162272266315697,0.137491726486825,0.13036208657047,1.61745621015599,1.9501935164012,1.75953634581676,0.00996779253597259,0.0140164442270246,0.0142113585080482,0.0585257585847332,0.0876672955069771,0.0741424800265521,20.9689201877934,18.6692890262751,19.4478021978022,19.16,16.644,17.636,22.61,20.254,21.024,7.73137579023474,8.09994477236476,7.95536382907378,7.54531704,7.919703,7.78530804,7.92610276,8.27488968,8.11489568,7.72895148669797,7.99791344667697,7.89039089481947,7.692,7.9756,7.859,7.766,8.017,7.921
"66","tphdo_mpa_49",49,"Lover's Cove SMCA","Lover's Cove",-118.31788,33.34393,"socal",0.813523534453843,0.640041328365479,0.811793841784737,0.029626983536678,0.0152483979758721,0.023627885890337,0.168109227741897,0.147455019016498,0.138744306745694,1.6688100883476,1.97472655504322,1.79167280072109,0.00955636207365521,0.0144287254825407,0.014214256426159,0.0704185185306351,0.108419463841996,0.0900025095195795,20.99003125,18.685773993808,19.4177044025157,19.029,16.53,17.46,22.722,20.365,21.19,7.7427646354375,8.09876749226006,7.95796068477987,7.5357174,7.87810456,7.75650912,7.94530204,8.30688848,8.12609526,7.732975,8.0007399380805,7.89101100628931,7.694,7.977,7.859,7.771,8.025,7.922
"67","tphdo_mpa_5",5,"Anacapa Island SMCA","Anacapa Island",-119.42728,34.03987,"channel",0.893834671446236,0.690394649556418,0.89513580840609,0.0338985165155902,0.0176968851438007,0.0265122403060398,0.233241537438943,0.205463889860211,0.233172131536689,1.18913258662394,1.57641780156553,1.34258137468842,0.0091205576649198,0.0077553086409914,0.00962520031581958,0.119137687505163,0.150723914128137,0.11664209618429,19.4718421052632,17.2669135802469,17.9794899536322,17.82,15.564,16.2,21.015,18.78,19.554,7.72904761114551,8.07891678234568,7.90551867876352,7.43812106,7.748189432,7.576035888,7.9837006,8.32928764,8.15649412,7.71588699690402,7.99050617283951,7.87604945904173,7.679,7.967,7.842,7.7605,8.013,7.91
"68","tphdo_mpa_50",50,"MacKerricher SMCA","MacKerricher",-123.80835,39.48323,"norca",1.16401100239638,0.982547213015806,1.00806329337591,0.0832626258664396,0.0771612079887508,0.0779098249862893,1.0698174716713,1.11602732037231,1.06790522433082,0.945438614649089,0.973331798897094,1.0498489209308,0.0911474351521753,0.0968111117266385,0.098740775532757,1.05478424281743,1.11680522185056,1.10003066475701,14.449968847352,11.9359237947123,12.6563333333333,12.493,10.082,10.778,16.3,13.636,14.712,5.12588228933956,5.45531317858165,5.40744866846948,3.676982108,3.962731392,3.96465132,6.736707364,7.159411512,6.964218832,7.46709968847352,7.74173250388802,7.63133333333333,7.3571,7.6422,7.528,7.592,7.862,7.7472
"69","tphdo_mpa_51",51,"Matlahuayl SMR","Matlahuayl",-117.26522,32.85863,"socal",1.02074283426039,0.908091145688385,1.03817717373318,0.0325015793242658,0.0204319695457081,0.0265568352202994,0.273201949959561,0.23676127423982,0.262820833061216,1.05334503947186,1.49573272826615,1.28041821820151,0.0089009065054376,0.0103544736234078,0.0095595255097148,0.162312303968812,0.249869867745357,0.176878111459595,19.9937774294671,17.7424265842349,18.3776369327074,18.434,16.212,16.638,21.596,19.33,20.114,8.07492727291536,8.27945952408037,8.17724576744914,7.7917078,7.930582592,7.816026888,8.37408596,8.596157632,8.47648212,7.72842476489028,7.99335394126739,7.88558998435055,7.691,7.971,7.851,7.7683,8.016,7.916
"70","tphdo_mpa_52",52,"Mattole Canyon SMR","Mattole Canyon",-124.40193,40.30843,"norca",1.13509148284884,0.888449843762703,1.01757646229202,0.07456027259142,0.0650312786417811,0.0684373026973196,0.954546589997508,0.864509995835899,0.904264840080661,0.942784317257349,0.944011232092276,1.07527483092992,0.115975684991163,0.124065512163534,0.125454727671164,1.32610227223195,1.44983548114709,1.40041766797757,13.7257078125,11.110506870229,11.9256087636933,11.829,9.6324,10.09,15.613,12.696,13.772,4.599941495725,4.96467928319389,4.93523251182473,3.35347424,3.79505768,3.640823464,6.102491148,6.388880408,6.394000216,7.42418125,7.7049679389313,7.59329890453834,7.334,7.626,7.498,7.552,7.8096,7.7104
"71","tphdo_mpa_53",53,"Montara SMR","Montara",-122.54738,37.52173,"norca",1.10062134484992,0.945381150735993,1.04348235598432,0.0689695433996563,0.060969747640807,0.0668373807636842,0.8486108360962,0.81721596248544,0.859953807521427,1.01904344133146,1.10177784020418,1.10779311455847,0.0767654639438115,0.0794830124464749,0.0881597797342118,0.870113933320089,0.999277579420208,1.03198613004917,16.1885093167702,13.7851842105263,14.5157613814757,14.053,11.955,12.45,18.047,15.475,16.68,5.94075112652174,6.10663910390093,5.98506660339089,4.532950008,4.87341724,4.580948208,7.200369976,7.3757234,7.386602992,7.53875465838509,7.8091826625387,7.69159340659341,7.4316,7.7185,7.5802,7.648,7.903,7.796
"72","tphdo_mpa_54",54,"Naples SMCA","Naples",-119.95063,34.42667,"socal",1.05982025484359,0.931324695133884,1.08274035060327,0.041097546039478,0.0262992786859617,0.0302864692307249,0.387937760690378,0.348576131372462,0.348501342579582,0.985946837401536,1.4606139356588,1.21736797935505,0.0152591559525294,0.0183892463835477,0.0170786822609041,0.249924477543232,0.344613984526776,0.265812585432189,18.5128971962617,16.4238520801233,17.0516951788491,16.87,14.576,15.068,20.189,18.062,18.878,7.59316072866044,7.88156575531587,7.71924519863142,7.07653462,7.288046688,7.062775136,8.02209916,8.304328576,8.15009436,7.69351246105919,7.96919260400616,7.85371073094868,7.6481,7.934,7.811,7.741,7.999,7.891
"73","tphdo_mpa_55",55,"Natural Bridges SMR","Natural Bridges",-122.09501,36.95562,"centralca",1.13350603895113,0.925055258119659,0.988333853249823,0.0629561363730478,0.0535866801041238,0.0586488041705711,0.73858591045612,0.678253649603957,0.725083117118773,0.965049531980092,1.0970919455215,1.0746173666569,0.0540621483169896,0.0508879326692728,0.0619887851390646,0.574243369810738,0.584142864789853,0.673820485308739,16.4067238689548,13.9436166924266,14.7888940809969,14.45,12.19,12.792,18.29,15.644,16.88,6.55302476717629,6.6970619883153,6.56057141482866,5.279802,5.5677912,5.232443776,7.54851692,7.683551856,7.672672264,7.59282995319813,7.85910510046368,7.74095950155763,7.488,7.761,7.6331,7.676,7.9324,7.829
"74","tphdo_mpa_56",56,"North Farallon Islands SMR","North Farallon Islands",-123.07218,37.78589,"norca",1.01559669465288,0.895673006516055,0.913374924220231,0.0539829173764514,0.0491343873944011,0.0514592993737989,0.558852361600787,0.525453745144191,0.566919159513085,0.968837723662501,1.03976323076908,1.05887309499016,0.0484259471024433,0.0536193820081714,0.0587049010696503,0.475147050415058,0.543330365795807,0.567134939174739,15.9064106583072,13.4185169753086,14.0496904024768,14.014,11.604,12.12,17.653,15.093,16.015,6.61757252137931,6.93789290567901,6.7342613876161,5.815461912,6.19496768,5.8637801,7.38532304,7.671072324,7.47011986,7.58994200626959,7.86404320987654,7.7404907120743,7.5147,7.7857,7.6565,7.664,7.9333,7.817
"75","tphdo_mpa_57",57,"North Farallon Islands Special Closure","North Farallon Islands",-123.1018467,37.7676,"norca",1.0713147272903,0.914574430369772,0.96134293160702,0.0558180412060881,0.050661898827599,0.0545790921183771,0.56567389234645,0.522172469018661,0.572369786065218,0.991125242573059,1.05673754460625,1.07299280543822,0.0455854923520479,0.0510478176035797,0.0555781404607175,0.433500791209445,0.498361998642729,0.519144956856816,16.1150233281493,13.534807751938,14.2459069767442,14.302,11.842,12.29,17.968,15.26,16.176,6.79533085760498,7.08663780700775,6.88404323404651,5.97097608,6.40615976,6.043933344,7.503078624,7.80450732,7.677792072,7.60460186625194,7.87586201550388,7.75488062015504,7.525,7.802,7.6674,7.681,7.9442,7.8356
"76","tphdo_mpa_58",58,"Pacific Grove Marine Gardens SMCA","Pacific Grove Marine Gardens",-121.92761,36.63888,"centralca",1.07403717999681,0.803375671957856,0.946638459056795,0.0587526470199585,0.0511660534967661,0.0538800819955961,0.68352776819442,0.71763692847263,0.705473864599871,0.993626154966347,1.1105749727948,1.04975682142026,0.0494712228968144,0.0495720308007845,0.0559160865985257,0.496136167587682,0.55416202466047,0.595157859359118,17.0185871271586,14.5163141524106,15.3827769110764,15.216,12.884,13.59,18.954,15.958,17.18,6.64775321167975,6.89287992099533,6.78183865123245,5.627308968,5.894818936,5.71498568,7.519078024,7.832666264,7.7277102,7.60356043956044,7.87620217729393,7.76271294851794,7.519,7.804,7.688,7.6824,7.944,7.835
"77","tphdo_mpa_59",59,"Painted Cave SMCA","Painted Cave",-119.86634,34.07817,"channel",0.935208610591974,0.766599326725456,0.857919740237085,0.0439266156361735,0.0276756133670358,0.0365429541276029,0.427084411471654,0.38106197577897,0.409061226157917,0.951137500018494,1.29256686708058,1.08813601640944,0.0155487826664909,0.0191665133661823,0.019249082636749,0.157322595866246,0.192729930495474,0.194043046914127,18.15090625,15.7957142857143,16.5313707165109,16.547,14.152,15.052,19.711,17.37,17.909,7.2826418906875,7.59148673714286,7.39475820018692,6.610312104,7.020216732,6.75814656,7.792027788,8.09249652,7.951381812,7.675709375,7.95364130434783,7.83597507788162,7.616,7.9083,7.7811,7.7301,7.99,7.8849
"78","tphdo_mpa_6",6,"Anacapa Island SMR","Anacapa Island",-119.38402,34.03784,"channel",0.923621963287452,0.658691891642753,0.867567418367271,0.0325122018170952,0.0163557285171085,0.0244149651159008,0.210829470886821,0.181148023300087,0.208533077717017,1.21408714115754,1.61199571824164,1.37485025688701,0.00910688773937417,0.00827237686706262,0.0104723426117695,0.107401413741011,0.127674946804028,0.102309456661901,19.6840405616225,17.428198757764,18.1171450858034,18.18,15.653,16.47,21.15,18.917,19.74,7.74657002315133,8.0927996142236,7.92537392617785,7.51331824,7.840665964,7.61891428,7.97730084,8.32288788,8.13409496,7.71859438377535,7.99151708074534,7.87841185647426,7.681,7.97,7.846,7.76,8.011,7.91
"79","tphdo_mpa_60",60,"Piedras Blancas SMCA","Piedras Blancas",-121.34706,35.68234,"centralca",1.11952978849715,0.865006758696558,0.98527882146701,0.0573279802051143,0.0439093844326017,0.0496431723369998,0.621326860731712,0.583241589702613,0.574857178030238,0.894477726337122,1.14897946229792,1.03705669832975,0.0354944002263959,0.0364221424041228,0.0414621557457485,0.372985683977504,0.401735465110797,0.448741006263441,16.9526947040498,14.6682998454405,15.4033903576983,15.052,12.8,13.56,18.889,16.324,17.138,6.94598250654206,7.19708404049459,7.01577422363919,5.950816836,6.196887608,6.04137344,7.7757084,8.02849892,7.821786672,7.63252180685358,7.91002163833076,7.7905800933126,7.5481,7.83,7.7064,7.705,7.971,7.8578
"80","tphdo_mpa_61",61,"Piedras Blancas SMR","Piedras Blancas",-121.30478,35.68093,"centralca",1.15151645970309,0.861126013008949,0.958132949706532,0.0618204258720559,0.0458100751040542,0.0524592016556574,0.690131261076252,0.630936883393046,0.650151658704347,0.880878678958015,1.15982044089419,1.03226444106942,0.0373048916810685,0.0384123421178314,0.042928117118097,0.42870168251779,0.458977894842923,0.498689692618524,16.7909204368175,14.5420436817473,15.2501092043682,14.9,12.61,13.31,18.68,16.14,17.16,6.77496964205928,7.03154909953198,6.85470206539782,5.52619276,5.86857992,5.67018736,7.74050972,7.8877042,7.81410696,7.61895163806552,7.89908268330733,7.77830265210608,7.522,7.815,7.688,7.699,7.961,7.857
"81","tphdo_mpa_62",62,"Pillar Point SMCA","Pillar Point",-122.53774,37.48733,"norca",1.07831901398041,0.937160051595945,1.02591607638175,0.0677777901897245,0.0636102228774704,0.0647232185403577,0.821767102316515,0.840536013707144,0.868027648640782,1.00287392285403,1.08187344647752,1.09673521208864,0.0789355555068544,0.081357890071081,0.0906354085197857,0.897474009753782,1.01972053617242,1.05756799788173,15.9804375,13.7155813953488,14.3849534161491,13.909,11.888,12.35,17.76,15.406,16.48,5.8070392278625,6.00159074586047,5.85832539772671,4.415514412,4.731982544,4.424154088,7.110773336,7.304046088,7.297966316,7.52681875,7.80130542635659,7.68019720496894,7.4159,7.7098,7.569,7.634,7.898,7.7887
"82","tphdo_mpa_63",63,"Point Arena SMCA","Point Arena",-123.78764,38.96141,"norca",1.01499946669678,0.886808071667397,1.0448582876948,0.064549448453853,0.0620798401672177,0.0648108470257923,0.801460431273655,0.797172565653596,0.823676405580985,0.922642191912028,0.97533144884759,1.06024439568889,0.0936530126504976,0.0961235363461347,0.100626766733201,1.08072882606352,1.12902777744786,1.13225826917771,14.2419781931464,11.8546547433904,12.629725984252,12.361,10.134,10.77,15.987,13.608,14.576,4.99826539290966,5.41351518152411,5.32700400938583,3.801777428,4.285919272,4.15024436,6.287124224,6.642310904,6.673029752,7.45835825545171,7.74277449455677,7.62796535433071,7.37,7.653,7.534,7.564,7.8418,7.735
"83","tphdo_mpa_64",64,"Point Arena SMR","Point Arena",-123.75284,38.96036,"norca",1.05345300897598,0.922409027530916,1.05443327074933,0.0694829570428138,0.064701900847418,0.0670456713307393,0.893818166003584,0.847665034474897,0.8578923914104,0.942497628239477,0.997118969001985,1.08593900068219,0.0966263040953488,0.0983957867980916,0.10359810844443,1.1333323043787,1.17887101020791,1.18598829939505,14.1919938176198,11.8179212962963,12.5697679127726,12.31,10.057,10.701,15.928,13.48,14.666,4.90497290360433,5.25496836339506,5.22621796586293,3.55506668,4.15024436,4.010089616,6.27816456,6.601032452,6.61095208,7.45161978361669,7.73368827160494,7.62086137071651,7.3546,7.645,7.5261,7.5554,7.8353,7.733
"84","tphdo_mpa_65",65,"Point Buchon SMCA","Point Buchon",-120.92405,35.21689,"centralca",1.10912446892033,0.9187762915363,1.03847544915129,0.0582669048932234,0.0444537689076298,0.0525417128935855,0.606405990836441,0.583296019670403,0.636765300234611,0.820071308218111,1.16691230755767,1.01144077254387,0.0294861929743664,0.0321832623219094,0.035745633738102,0.331118184558033,0.375489784843973,0.407671701564119,17.0399222395023,14.8786821705426,15.4922308892356,15.222,13,13.64,18.79,16.57,17.31,6.97155815241058,7.23608956669767,7.03800377166927,5.969696128,6.212247032,6.00617476,7.776988352,8.016339376,7.8717048,7.63737169517885,7.91611627906977,7.79563182527301,7.555,7.832,7.717,7.712,7.977,7.869
"85","tphdo_mpa_66",66,"Point Buchon SMR","Point Buchon",-120.89589,35.22728,"centralca",1.09101989460148,0.945120963997853,1.01086136015202,0.05954711424193,0.050558722238276,0.0547232889700345,0.66958154964471,0.715089422166813,0.715279241088981,0.793574753653856,1.1489618267312,0.997547773233115,0.0325196173682894,0.0355490472116236,0.0393632266535204,0.391421315584814,0.443285260505599,0.480003949234915,16.8838932496075,14.6640873634945,15.3464150943396,15.112,12.76,13.46,18.634,16.28,17.18,6.82922709689168,7.06891431294852,6.85806230987421,5.685546784,5.86538004,5.49419396,7.741789672,7.9997,7.8797045,7.62248979591837,7.90366302652106,7.78052672955975,7.5252,7.811,7.6875,7.7,7.971,7.861
"86","tphdo_mpa_67",67,"Point Cabrillo SMR","Point Cabrillo",-123.82861,39.35015,"norca",1.10780949030658,0.921104003271212,1.00053249367071,0.0732728752199224,0.0686178185844404,0.0697253402669724,0.970880484693675,0.978866196701806,0.970561579670962,0.950079581473735,0.985659972797318,1.07302094076734,0.0951381118766545,0.100460740607654,0.103329606432128,1.11619757560587,1.19699256755193,1.18422186185059,14.1314230171073,11.7270356037152,12.4187523219814,12.212,9.9015,10.48,15.996,13.34,14.5,4.84624214712908,5.13258770650155,5.04919467286687,3.48146944,3.81425696,3.6718623,6.389520384,6.57095358,6.62055172,7.44784758942457,7.72558978328173,7.61162074303406,7.351,7.637,7.5095,7.557,7.8235,7.7335
"87","tphdo_mpa_68",68,"Point Conception SMR","Point Conception",-120.46955,34.42416,"socal",1.08928446970902,0.907333696829425,1.01115706241472,0.0480823337175025,0.0323133477760692,0.0370509164295479,0.465532848853883,0.399358759385076,0.421770451165848,0.813454939753765,1.26738694820272,1.04964930632376,0.0202749985598207,0.025425434176442,0.0236606316679186,0.246459041649985,0.37160815470399,0.301295161098933,17.7096099843994,15.6117846153846,16.2186707882535,15.97,13.758,14.432,19.46,17.26,17.984,7.24680966970359,7.55273583870769,7.36261229972179,6.5277552,6.767426212,6.598792536,7.839706,8.13089508,7.98690048,7.66526521060842,7.947,7.82705564142195,7.601,7.894,7.766,7.727,7.987,7.878
"88","tphdo_mpa_69",69,"Point Dume SMCA","Point Dume",-118.84997,33.9977,"socal",0.917159010061021,0.711128134772584,0.887630458215436,0.0315205185812405,0.0160505439103752,0.0225515910538271,0.2009248199486,0.165394203561193,0.168947607817761,1.18823295302781,1.66092599357405,1.41141102645559,0.00902034481735487,0.00943601181492998,0.0115343545905066,0.116291197311852,0.1418295370035,0.105656956687496,19.7947021943574,17.6184234930448,18.3710248447205,18.334,15.912,16.723,21.303,18.98,19.97,7.85554490445141,8.17532247109737,8.04847829496894,7.653152996,7.94530204,7.837466084,8.06049772,8.378565792,8.24289088,7.71780407523511,7.98946058732612,7.87954347826087,7.6837,7.97,7.8493,7.757,8.009,7.908
"89","tphdo_mpa_7",7,"Anacapa Island Special Closure","Anacapa Island Special Closure",-119.40214,34.01027,"channel",0.911818968134353,0.708840436059127,0.85131537226632,0.0333070117424575,0.0165264810888985,0.0245396854474122,0.223153944380055,0.175993971802357,0.208497308387672,1.21773114093476,1.61142919676527,1.37494499144369,0.00931132105204039,0.00805834602423274,0.0103427433754646,0.107245837152399,0.127000483964637,0.101857388924186,19.6193048973144,17.4106317411402,18.107950310559,17.962,15.67,16.473,21.138,18.96,19.688,7.72106779507109,8.08649119821263,7.92141225267081,7.460200232,7.8077072,7.65091308,7.963861344,8.31648812,8.1436946,7.71676145339652,7.99108012326656,7.8781350931677,7.681,7.97,7.846,7.758,8.013,7.909
"90","tphdo_mpa_70",70,"Point Dume SMR","Point Dume",-118.8036,33.97856,"socal",0.921766363572199,0.738315950960186,0.852269248181296,0.0315982396279995,0.0160969806486262,0.0219696471008897,0.199244625353505,0.167761247442318,0.16054358702193,1.17646387773028,1.65615873884491,1.40627455377523,0.00938815909986252,0.00969947531186594,0.0117616949696343,0.117475620368995,0.142148801178756,0.105757492755654,19.8457142857143,17.654671875,18.2989028213166,18.363,16.02,16.414,21.367,19.02,19.819,7.86228900403727,8.1769583525625,8.05657059454545,7.667872444,7.954261704,7.838746036,8.06049772,8.380805708,8.26529004,7.71765683229814,7.9882890625,7.87913479623824,7.682,7.969,7.851,7.758,8.008,7.908
"91","tphdo_mpa_71",71,"Point Lobos SMCA","Point Lobos",-121.99454,36.5061,"centralca",1.1542109838246,0.943935488345688,1.04441058686941,0.0675988801034965,0.0557556957045715,0.0600125905221087,0.783848749339001,0.71922707451444,0.76039389464022,0.853544360535674,0.994086362222262,0.971322006811433,0.0542505921522649,0.0513754620088391,0.060225234746315,0.56537426485354,0.582907756376013,0.648524256903704,16.1641065830721,13.8162519440124,14.6485471406491,14.184,12.042,12.786,17.923,15.466,16.768,6.43501385034483,6.63860143191291,6.51649874423493,5.108288432,5.492274032,5.256122888,7.576035888,7.771868544,7.704671064,7.58247335423197,7.86228460342146,7.74355950540958,7.475,7.7704,7.644,7.6763,7.944,7.839
"92","tphdo_mpa_72",72,"Point Lobos SMR","Point Lobos",-121.95474,36.50542,"centralca",1.1771495809686,0.979117123237371,1.08551321970835,0.0765264151742611,0.0597696267047279,0.0666747363343824,0.898985880590277,0.841483465250664,0.879613525876316,0.8578556525589,0.997658704275105,0.983647400129029,0.0562980152179182,0.0534009310052065,0.0631799415403032,0.608512248692727,0.622013686078578,0.704552082272649,15.9993887147335,13.6438794435858,14.4276525821596,14.16,11.77,12.478,17.953,15.39,16.47,6.30964174946708,6.4431141701391,6.33543189596244,4.8318188,5.085249296,4.85101808,7.599715,7.786587992,7.674592192,7.57216300940439,7.848885625966,7.72976212832551,7.4557,7.7436,7.6138,7.6833,7.9454,7.833
"93","tphdo_mpa_73",73,"Point Resistance Rock Special Closure","Point Resistance Rock",-122.82923,37.99853,"norca",1.31365899815481,1.20587450742909,1.31163012210723,0.0947515796244119,0.0923954476671361,0.0978393622880128,1.08687385251449,1.21416078466102,1.21301027722829,1.26945992308175,1.2668927408872,1.33308155849141,0.0734597628192565,0.0729924197004464,0.0822637973334598,0.790170796774358,0.829910941440494,0.876577859586954,16.1984316770186,13.7180941358025,14.5472213500785,13.733,11.447,11.946,18.38,15.823,17.144,6.16288937987578,6.51400262932099,6.33656111416013,4.506391004,4.840458476,4.542549648,7.626593992,8.131855044,7.96130144,7.54328571428571,7.81578395061728,7.70022762951334,7.3966,7.676,7.554,7.6757,7.9443,7.8424
"94","tphdo_mpa_74",74,"Point Reyes Headlands Special Closure","Point Reyes Headlands",-122.99039,37.99158,"norca",1.2220781092994,1.10107142191313,1.24278467637441,0.0817099959379083,0.0724509927709098,0.0793041856088334,0.994047854296198,0.981792430890627,1.02743138158368,1.10859601834133,1.15225054302996,1.21881849564242,0.0909157585418083,0.0883681358731966,0.099787245192008,1.05025311662432,1.09006275167148,1.1546887304669,15.4006542056075,12.9905155279503,13.8487037617555,13.1,10.873,11.571,17.589,15.08,16.412,5.4970240096324,5.7143794915528,5.6450351997931,3.820976708,4.297118852,4.025769028,7.122612892,7.317165596,7.44932064,7.49542990654206,7.76523913043478,7.65236833855799,7.3701,7.6553,7.529,7.6338,7.886,7.7913
"95","tphdo_mpa_75",75,"Point Reyes SMCA","Point Reyes",-122.99343,37.96232,"norca",1.13941681387534,0.956902663081327,0.96841115327313,0.0710035029944126,0.0604611314769078,0.0601386609443294,0.815145736631177,0.739288394586692,0.742110506813062,1.01303569011557,1.08948434261525,1.12926902965416,0.0827705377315455,0.0827153820431353,0.0932459317004411,0.95079662130298,1.0197839623992,1.06994019759792,15.2046105919003,12.8453042121685,13.5170405616225,13.022,11,11.55,17.26,14.61,15.55,5.54181236115888,5.79445352667707,5.58851803581903,4.25264052,4.67822456,4.34543704,6.847103224,7.0077372,6.82534404,7.50168380062305,7.77655070202808,7.65355538221529,7.398,7.675,7.546,7.617,7.878,7.762
"96","tphdo_mpa_76",76,"Point Reyes SMR","Point Reyes",-122.96806,38.00447,"norca",1.24094497582579,1.05663605426748,1.19910025408011,0.0873989866974398,0.0741290016614061,0.0777203897172274,1.03919568005822,0.989407688992386,1.01119711659141,1.10859601834133,1.15225054302996,1.21881849564242,0.0909157585418083,0.0883681358731966,0.099787245192008,1.05025311662432,1.09006275167148,1.1546887304669,15.4264006259781,13.075300155521,13.7588401253918,13.168,11.066,11.42,17.46,15.118,16.305,5.48390677144914,5.76602948895801,5.5189273271348,3.807217224,4.285919272,3.863535112,7.10053372,7.3437246,7.277167096,7.49475273865415,7.76977138413686,7.64414263322884,7.372,7.657,7.5184,7.6332,7.8938,7.78
"97","tphdo_mpa_77",77,"Point St. George Reef Offshore SMCA","Point St. George Reef Offshore",-124.41332,41.84112,"norca",1.0683376763357,0.86841834174088,0.964150932546231,0.0805794605107221,0.0824205773210162,0.0753178672846354,1.00144697305632,0.888216943415313,0.872029240239169,0.89501069566701,0.869447647203576,0.962196523336333,0.120148377812524,0.124468472669201,0.127775376408648,1.29475864417584,1.35302975192297,1.36350671889514,13.7514797507788,11.164884375,12.008487460815,12.111,9.6627,10.38,15.38,12.6,13.52,5.45183990970717,5.9983100549375,5.70356541862069,3.858095316,4.541589684,4.293278996,7.12613276,7.822426648,7.487079224,7.49157320872274,7.7813296875,7.65330564263323,7.3781,7.661,7.5387,7.6368,7.964,7.8039
"98","tphdo_mpa_78",78,"Point Sur SMCA","Point Sur",-121.92679,36.27624,"centralca",1.14463613011019,0.972409303171734,0.99457839464031,0.0638148250691318,0.054124341989764,0.0582645540665622,0.712589348345207,0.699419382154785,0.691652604350687,0.840623593662617,1.0372697315328,0.990085652174359,0.0473313525715021,0.0461512864098844,0.0549994715105655,0.484065058379993,0.5086512601581,0.582201408603263,16.270248447205,13.9680529595016,14.7869578783151,14.466,12.22,12.88,18.06,15.698,16.73,6.54553838403727,6.75352617252336,6.66048781984399,5.49419396,5.616109388,5.4717948,7.621154196,7.80450732,7.69251152,7.59232763975155,7.87286448598131,7.75659126365055,7.493,7.781,7.659,7.6797,7.952,7.843
"99","tphdo_mpa_79",79,"Point Sur SMR","Point Sur",-121.88057,36.27749,"centralca",1.19432627866017,1.00368723615559,1.05066183100668,0.0661141303568283,0.05845572896874,0.0610030695645311,0.78780242788202,0.775112382533913,0.743823868883989,0.84020183007024,1.03990630134004,0.991953473204063,0.0497115380133381,0.0478667578743767,0.0572060135658367,0.531193704689183,0.550123236575393,0.631012447014773,16.2640345368917,13.9021232449298,14.637053291536,14.39,12.1,12.777,18.044,15.68,16.7,6.47683340477237,6.64197244555382,6.50679046896552,5.201084952,5.36619876,5.237243596,7.666272504,7.7917078,7.65731284,7.58883830455259,7.86695007800312,7.74518965517241,7.4806,7.765,7.6367,7.6834,7.953,7.8373
"100","tphdo_mpa_8",8,"Arrow Point to Lion Head Point SMCA","Arrow Point to Lion Head Point",-118.5205,33.46482,"channel",0.835691994714323,0.610002859431182,0.772886776499757,0.0290422968674732,0.015843433120537,0.0227916977573236,0.188087173096947,0.164305266391363,0.143265078306424,1.52328598594533,1.8517311984725,1.66609320002034,0.0074002538201437,0.0104164256697328,0.0114375549000062,0.0613039257645767,0.0646491684342768,0.0506045132874244,20.684301242236,18.4031944444444,19.1863579277865,18.863,16.494,17.326,22.364,19.97,20.83,7.83911471782609,8.18708062728395,8.05146069626374,7.619874244,8.00289988,7.876824608,8.04129844,8.35808656,8.21409196,7.73259937888199,8.00118672839506,7.89110204081633,7.695,7.98,7.859,7.769,8.023,7.921
"101","tphdo_mpa_80",80,"Point Vicente SMCA (No-Take)","Point Vicente",-118.43195,33.72009,"socal",0.949868580117411,0.757021207082059,0.867153189497179,0.0338488146384534,0.0179378232905705,0.0226052199079781,0.247576829568889,0.187066427608289,0.166664489645959,1.11895921476112,1.61984363024764,1.37350746504938,0.00789387501021121,0.00834345967146974,0.0100999967215573,0.139536468654035,0.163759063282867,0.127662163065143,19.9134370139969,17.7155023183926,18.4219440124417,18.54,16.03,16.77,21.488,19.174,19.95,7.93300514500778,8.22171825823802,8.11287522699844,7.741149696,8.013139496,7.91010336,8.16609376,8.4316838,8.3356874,7.72356920684292,7.99268469860896,7.88435147744946,7.689,7.972,7.853,7.763,8.013,7.912
"102","tphdo_mpa_81",81,"Portuguese Ledge SMCA","Portuguese Ledge",-121.97505,36.70033,"centralca",0.984190083643927,0.827638615118636,0.906120619837512,0.0513297898496634,0.0448133146038073,0.0460047040098415,0.575332321190946,0.561535006599656,0.541799205998559,0.927352607775707,1.08713870247216,1.02377058168795,0.0433278389611329,0.0401089807300488,0.0484346789155123,0.417406329837444,0.412297000720537,0.487095178728054,16.7679315707621,14.4307142857143,15.165046728972,15.082,12.75,13.441,18.578,15.997,16.909,6.85076392653188,7.1865031668323,7.02906474909657,5.949856872,6.298003816,6.134489948,7.6637126,7.936982352,7.762588892,7.61852566096423,7.89824689440994,7.78122741433022,7.543,7.8293,7.708,7.696,7.959,7.847
"103","tphdo_mpa_82",82,"Pyramid Point SMCA","Pyramid Point",-124.25481,41.98043,"norca",1.33737654199513,1.07365208320101,1.2441166670556,0.105392972865361,0.0992395817097001,0.102576089081606,1.32056803105796,1.33929128902766,1.33960708234955,1.02903208429692,0.935856157835278,1.050189503497,0.115298007634765,0.123816089679729,0.122591196948665,1.27232445189553,1.36340156746284,1.31446364725397,13.7841361502347,11.1061588785047,12.0652316118936,11.428,9.2564,9.819,16.056,13.03,14.3,4.96527332578404,5.4300882020623,5.30994496975274,3.381633184,3.664182588,3.6318638,6.916860608,7.55491668,7.4557204,7.45749295774648,7.73443613707165,7.62275430359937,7.333,7.61,7.4968,7.6162,7.887,7.7972
"104","tphdo_mpa_83",83,"Reading Rock SMCA","Reading Rock",-124.12665,41.31458,"norca",1.03714439354351,0.895077079028618,0.981956914424055,0.0756449603771755,0.0743130836925823,0.0769911748628999,0.936235482176566,0.940231896679609,0.924954784120378,0.940922489506883,0.882805430260067,0.974606348105273,0.127042027624592,0.134722123554554,0.134214826052916,1.42111777207815,1.52186751237479,1.46984984583294,14.1005625,11.4412693498452,12.3237027863777,12.179,9.8195,10.505,15.884,13.02,14.145,4.91014636260625,5.36918861691641,5.28708990006811,3.586745492,4.07824706,4.01744934,6.38056072,7.19813006,6.95333924,7.44613125,7.7273560371517,7.61816099071207,7.3439,7.627,7.5135,7.5642,7.873,7.7605
"105","tphdo_mpa_84",84,"Reading Rock SMR","Reading Rock",-124.19988,41.31631,"norca",0.909836503687131,0.767513964229112,0.897953297503689,0.0647124353695603,0.0558255465765,0.0574467435126849,0.798596891075067,0.62337240912857,0.655500987321183,0.896705508924268,0.895556516833037,0.971959704656621,0.119553424811728,0.126318053109658,0.126902319690642,1.32580986891951,1.41181736326769,1.38389338929664,13.7824534161491,11.2143333333333,11.9641934477379,12.193,9.791,10.41,15.237,12.682,13.57,5.09295087053416,5.60373403813954,5.4158343400936,3.871534812,4.528470176,4.29743884,6.449998116,6.882301904,6.71654812,7.46379347826087,7.74852713178295,7.630751950078,7.3663,7.6634,7.541,7.5707,7.865,7.759
"106","tphdo_mpa_85",85,"Richardson Rock FMR","Richardson Rock",-120.56093,34.11605,"channel",1.18930640685059,0.832986969427488,0.985919609698552,0.0523253162418056,0.0375704387787687,0.0464366271141747,0.523898061154279,0.47705636303271,0.506911177460103,1.02659921308323,1.21631271062663,1.09783282168081,0.0191702047640681,0.0245038975960161,0.027218075589488,0.180153589403197,0.231896473207633,0.265413198195404,17.847751572327,15.4758658346334,16.2358540372671,16.01,13.79,14.356,19.91,17.09,18.174,7.14482891421384,7.52225893435257,7.33046795428571,6.34696198,6.76454632,6.5117558,7.7757084,8.11809556,7.984980552,7.66847169811321,7.95009672386895,7.83054037267081,7.599,7.888,7.763,7.74,8.004,7.897
"107","tphdo_mpa_86",86,"Richardson Rock SMR","Richardson Rock",-120.51896,34.09649,"channel",1.15055746718936,0.826522280500321,0.947904035242807,0.049226015759891,0.0371411662810235,0.046435356622778,0.510047113297283,0.488444509856168,0.503565810459171,1.00312856328393,1.17192960302659,1.063489236429,0.0208452848056744,0.0267400786020256,0.0289290469609048,0.200214632400546,0.265720193662197,0.289708580624831,17.6515962441315,15.3415264797508,16.156546875,15.856,13.6,14.359,19.66,16.97,17.943,7.03678650184664,7.43283776903427,7.29294650425,6.223126624,6.662790136,6.45735784,7.702751136,8.02849892,7.9837006,7.65739749608764,7.94294704049844,7.8271,7.5878,7.882,7.7548,7.7302,7.992,7.8911
"108","tphdo_mpa_87",87,"Russian Gulch SMCA","Russian Gulch",-123.81139,39.32725,"norca",1.07889999844123,0.920324602403928,1.04675541408453,0.0733099958780271,0.0669652522784279,0.0709213007298593,0.955449753795546,0.955534047449995,0.967529727410763,0.944783697294179,0.983150985656589,1.06843849685153,0.0949272399121781,0.100302628807986,0.103221013750719,1.11305566559177,1.19531368347718,1.1827743946256,14.15846875,11.6940434108527,12.4464279069767,12.249,9.7744,10.35,15.96,13.3,14.416,4.855143925275,5.12215805140465,5.07932976605271,3.500028744,3.839216024,3.68626176,6.310803336,6.461197696,6.504076088,7.44883125,7.72434263565891,7.61327441860465,7.3488,7.634,7.512,7.5621,7.8292,7.721
"109","tphdo_mpa_88",88,"Russian River SMCA","Russian River",-123.13572,38.44686,"norca",1.23072582828518,1.07498436614022,1.14941721034469,0.0878937327627991,0.0806513693706943,0.0815712679560963,1.10150832751398,1.11952242607125,1.11191676849735,1.1571190444987,1.17549519742178,1.23742951622875,0.0869707597700741,0.0859904284424624,0.096430250591559,1.03550770000805,1.08732173589916,1.1361799052976,15.43959375,12.9601160990712,13.7108658346334,13.039,10.79,11.3,17.668,14.78,16.11,5.4796635049125,5.61143340236532,5.55976005032137,3.707700956,4.08464682,3.77905828,7.153011752,7.29252652,7.38852292,7.4995984375,7.76101393188855,7.64785023400936,7.362,7.648,7.515,7.6381,7.886,7.786
"110","tphdo_mpa_89",89,"Salt Point SMCA","Salt Point",-123.34085,38.57096,"norca",1.08647759201619,0.983704884823439,1.0318492963774,0.0711496543018808,0.0636632618438669,0.0657095530504969,0.892649170865527,0.853810977125974,0.869837088232765,1.01241951842374,1.06578249047964,1.14806803278932,0.0926359610817331,0.0934393762461791,0.103244181015415,1.11180027926586,1.18072882709445,1.22197443971297,14.5703599374022,12.200445482866,12.8529690402477,12.412,10.382,10.71,16.512,14.078,14.935,4.94266684961502,5.21993433857944,5.09503617356037,3.428991408,3.980970708,3.75825906,6.43815856,6.581833172,6.48295688,7.4584882629108,7.73679595015576,7.61701083591331,7.3534,7.64,7.514,7.5782,7.841,7.73
"111","tphdo_mpa_9",9,"Asilomar SMR","Asilomar",-121.94648,36.62579,"centralca",1.16504472793333,0.969070949118221,1.06292559111918,0.0682719452067542,0.0556242791900469,0.0599284509939444,0.814296614236621,0.810221838148933,0.789087714261028,0.908811207353597,1.02880864294856,1.00492976725056,0.0501513159948503,0.0463149441667913,0.0557238660311453,0.527910928852052,0.52159254602783,0.60894125476002,16.461230529595,14.0467956656347,14.8214664586583,14.451,12.265,12.87,18.459,15.7,16.81,6.49716045949533,6.75739364705882,6.57588319232449,5.245243296,5.50219366,5.22860392,7.599395012,7.80130744,7.67011236,7.58795638629284,7.86941176470588,7.74815756630265,7.487,7.782,7.646,7.683,7.945,7.833
"112","tphdo_mpa_90",90,"Samoa SMCA","Samoa",-124.18744,40.89155,"norca",1.12239297781087,0.895691956956278,0.967637144190607,0.0825171618132674,0.0751239870854244,0.0739310822871861,1.06831026785541,1.01178771991989,0.972158056663402,0.90998598335732,0.873577056788961,0.975583160954933,0.122171336380634,0.1317250665444,0.130935330153864,1.39856072655445,1.53279877488882,1.46549020758067,13.9648456790123,11.4127798449612,12.2307562111801,11.884,9.7382,10.38,15.783,12.976,14.047,4.79602063630864,5.15007787258915,5.10667408260248,3.438911036,3.915373168,3.819376768,6.7037486,7.021816672,6.870462348,7.44355092592593,7.71717054263566,7.60683695652174,7.343,7.63,7.5083,7.5983,7.8596,7.7467
"113","tphdo_mpa_91",91,"San Diego-Scripps Coastal SMCA","San Diego-Scripps Coastal",-117.26278,32.87487,"socal",0.978097962362958,0.850175555669528,1.02903600369765,0.0341366769900678,0.0192036276933517,0.0262025580998074,0.282229105867002,0.223127158995805,0.256609456345605,1.05334503947186,1.49573272826615,1.28041821820151,0.0089009065054376,0.0103544736234078,0.0095595255097148,0.162312303968812,0.249869867745357,0.176878111459595,19.9726947040498,17.7033074534161,18.3253470031546,18.46,16.07,16.633,21.518,19.28,20.107,8.05945601451713,8.27621136956522,8.16940972397476,7.734429948,7.8717048,7.81730684,8.38048572,8.603517356,8.47008236,7.72770249221184,7.99241770186335,7.88336750788643,7.69,7.97,7.85,7.77,8.015,7.916
"114","tphdo_mpa_92",92,"San Miguel Island Special Closure","San Miguel Island Special Closure",-120.44154,34.03248,"channel",1.24897740491009,0.914892118406099,1.02990245848126,0.0570498042046819,0.0435313717240519,0.0522600523753418,0.591175702847277,0.582430049875487,0.600938467043116,1.01390698033557,1.16691357500095,1.08168027092947,0.0233523904524414,0.0293180273429714,0.030583664762268,0.224736749218536,0.29141172944574,0.308581761943506,17.48265625,15.0545482866044,15.842848200313,15.599,13.191,13.966,19.661,16.79,17.82,6.9992525181875,7.31223917638629,7.11701385314554,6.09097158,6.34536204,6.120730464,7.73091008,7.99010036,7.913943216,7.651090625,7.93191900311527,7.81023787167449,7.568,7.859,7.728,7.73,7.99,7.8812
"115","tphdo_mpa_93",93,"Santa Barbara Island FMR","Santa Barbara Island",-118.96245,33.41018,"channel",0.962936241462857,0.687896004826964,1.04574572776175,0.0334699496250843,0.0174699978875048,0.0341578859034534,0.21172781947363,0.163849550523686,0.29531015207716,1.4109543696759,1.66955172366963,1.50506356988918,0.0072096502593594,0.00866990777997034,0.0112075702483122,0.0644925481597255,0.0646667081360643,0.0727565187423685,20.1171806853583,17.8709273570325,18.5847596899225,18.19,16.082,16.714,22.178,19.424,20.38,7.68024032909657,8.10055804148377,7.89678292930233,7.44292088,7.921622928,7.70531104,7.906583492,8.2716898,8.12129544,7.72724143302181,8.0015656877898,7.8857488372093,7.686,7.977,7.852,7.768,8.0234,7.92
"116","tphdo_mpa_94",94,"Santa Barbara Island SMR","Santa Barbara Island",-119.00717,33.44899,"channel",0.906427917231832,0.768065033647396,1.01574324165503,0.034656897362454,0.0177562115668529,0.0345626512088952,0.220392653749851,0.172492156032751,0.30482226480907,1.39578588555648,1.65188004941785,1.48695958046459,0.00747102280608244,0.00828522918872664,0.0111190625563234,0.0668921013139782,0.0627182114344755,0.0713843278211719,20.036801242236,17.7312752721617,18.5397347893916,18.23,15.924,16.58,21.917,19.34,20.32,7.67795802850932,8.07486483284603,7.87253347407176,7.447080724,7.8717048,7.6317138,7.89410396,8.25889028,8.09889628,7.72520341614907,7.99961430793157,7.88564118564743,7.683,7.976,7.85,7.769,8.021,7.92
"117","tphdo_mpa_95",95,"Saunders Reef SMCA","Saunders Reef",-123.68585,38.84854,"norca",1.12050402796279,0.977036146603193,1.01957494546027,0.0688558229406186,0.0654917348028532,0.0652645042904766,0.908063749566428,0.890693144640106,0.894415107418662,0.987038854031471,1.02764803841888,1.14243870042158,0.0953052186584687,0.0973832622641532,0.105030962435957,1.14823851571656,1.20531644855521,1.23965407574287,14.1520590979782,11.7164261275272,12.5171705426357,12.13,9.896,10.478,15.996,13.606,14.666,4.76091582910109,5.02734291391602,4.95589774376434,3.414911936,3.775218424,3.544187088,6.1437696,6.528395176,6.47335724,7.44227060653188,7.72132192846034,7.60558139534884,7.353,7.632,7.5,7.554,7.838,7.713
"118","tphdo_mpa_96",96,"Scorpion FMR","Scorpion",-119.56933,34.12974,"channel",0.900577252034298,0.698324914031673,0.819831825126769,0.036782745010352,0.0199860697979063,0.0276305988255607,0.288218468787196,0.247140979510203,0.255860831633073,1.13129904136457,1.53061025876505,1.30267807145959,0.0093544503610648,0.0104452756270293,0.0106975614754862,0.0869772992743486,0.12387761592955,0.0952680614236405,19.1555209953344,16.8595046439628,17.5903235747304,17.55,15.1,16.176,20.676,18.255,19.18,7.53744424037325,7.88261708427245,7.70361495568567,7.145972016,7.52291788,7.348844408,7.84610576,8.19009286,8.022739136,7.70240746500778,7.97838080495356,7.86361479198767,7.661,7.952,7.824,7.749,8.004,7.896
"119","tphdo_mpa_97",97,"Scorpion SMR","Scorpion",-119.56885,34.07786,"channel",0.85812183699104,0.726460497594461,0.781378978731361,0.0360562936421564,0.0195161504957775,0.0304388011861568,0.271354123980968,0.236465439095453,0.287717110079037,1.22760116341087,1.57189470733581,1.36386672036876,0.0104393290882352,0.00977813371696426,0.011322854703132,0.0843855609304147,0.065592461437907,0.0760074581829596,19.3194375,16.9375,17.6947589424572,17.69,15.156,16.152,20.721,18.451,19.07,7.45190054325,7.8224793168323,7.62330851645412,7.09093408,7.488679164,7.220209232,7.747229468,8.090576592,7.954261704,7.70051875,7.97478571428571,7.85868740279938,7.658,7.947,7.818,7.745,8,7.896
"120","tphdo_mpa_98",98,"Sea Lion Cove SMCA","Sea Lion Cove",-123.73019,38.93442,"norca",1.13249661159366,0.980318829181682,1.04346392438552,0.0758869176951398,0.0683759047399419,0.0691664370221138,0.987907710805635,0.965188124752771,0.95143982236392,0.973110674015873,1.02051583798861,1.12407309748236,0.0994712568158534,0.101113161593653,0.107711922800579,1.18729757248778,1.24703092079956,1.26315360101065,14.226859375,11.7083359133127,12.4883239875389,12.24,9.944,10.621,16.161,13.44,14.619,4.7990810277125,4.98917265133127,4.96060749049221,3.343554612,3.73905978,3.53266752,6.291604056,6.53415496,6.494796436,7.44466875,7.71766563467492,7.60548909657321,7.344,7.628,7.503,7.5601,7.8275,7.718
"121","tphdo_mpa_99",99,"Sea Lion Gulch SMR","Sea Lion Gulch",-124.37156,40.22647,"norca",1.0402257793497,0.88888798024479,0.978755155985532,0.0729632872790228,0.0683464289867211,0.0705998253009322,0.872022187470622,0.892014947227293,0.907700740373845,0.926928712782704,0.949101076188881,1.05570060936528,0.104787095287753,0.112519670539694,0.112994164885447,1.16245285227243,1.27115257616802,1.21810437925336,13.9736505460218,11.4217302325581,12.1762391304348,12.2,9.895,10.353,15.67,13.06,13.98,5.03979452635881,5.39197044468837,5.28985826883851,3.89425396,4.12464532,3.952811764,6.39016036,6.756866608,6.702788636,7.45239625585023,7.73414263565892,7.61863043478261,7.36,7.643,7.516,7.561,7.8422,7.7387
